-- phpMyAdmin SQL Dump
-- version 5.1.0
-- https://www.phpmyadmin.net/
--
-- Host: 127.0.0.1
-- Czas generowania: 10 Gru 2022, 19:48
-- Wersja serwera: 10.4.19-MariaDB
-- Wersja PHP: 7.3.28

SET SQL_MODE = "NO_AUTO_VALUE_ON_ZERO";
START TRANSACTION;
SET time_zone = "+00:00";


/*!40101 SET @OLD_CHARACTER_SET_CLIENT=@@CHARACTER_SET_CLIENT */;
/*!40101 SET @OLD_CHARACTER_SET_RESULTS=@@CHARACTER_SET_RESULTS */;
/*!40101 SET @OLD_COLLATION_CONNECTION=@@COLLATION_CONNECTION */;
/*!40101 SET NAMES utf8mb4 */;

--
-- Baza danych: `rest_api_wk`
--

-- --------------------------------------------------------

--
-- Struktura tabeli dla tabeli `customers`
--

CREATE TABLE `customers` (
  `id` bigint(20) UNSIGNED NOT NULL,
  `name` varchar(255) COLLATE utf8mb4_unicode_ci NOT NULL,
  `type` varchar(255) COLLATE utf8mb4_unicode_ci NOT NULL,
  `email` varchar(255) COLLATE utf8mb4_unicode_ci NOT NULL,
  `address` varchar(255) COLLATE utf8mb4_unicode_ci NOT NULL,
  `city` varchar(255) COLLATE utf8mb4_unicode_ci NOT NULL,
  `state` varchar(255) COLLATE utf8mb4_unicode_ci NOT NULL,
  `post_code` varchar(255) COLLATE utf8mb4_unicode_ci NOT NULL,
  `created_at` timestamp NULL DEFAULT NULL,
  `updated_at` timestamp NULL DEFAULT NULL
) ENGINE=InnoDB DEFAULT CHARSET=utf8mb4 COLLATE=utf8mb4_unicode_ci;

--
-- Zrzut danych tabeli `customers`
--

INSERT INTO `customers` (`id`, `name`, `type`, `email`, `address`, `city`, `state`, `post_code`, `created_at`, `updated_at`) VALUES
(1, 'Makenna Denesik', 'X', 'pmurray@cremin.com', '9131 Boyer Springs Apt. 050', 'Lake Princechester', 'District of Columbia', '82729', '2022-12-10 03:33:33', '2022-12-10 03:33:33'),
(2, 'Murazik-Reichel', 'Y', 'marietta04@torp.com', '610 Desiree Villages Suite 681', 'South Gunnar', 'Kansas', '49950', '2022-12-10 03:33:33', '2022-12-10 03:33:33'),
(3, 'Lindsey Runte', 'X', 'caesar.jaskolski@mcclure.com', '9721 Carroll Shoals', 'Metzhaven', 'Delaware', '13116', '2022-12-10 03:33:33', '2022-12-10 03:33:33'),
(4, 'Maggie Bogan', 'X', 'mercedes79@yahoo.com', '646 Swaniawski Freeway', 'Lake Kassandra', 'Kansas', '43280-2558', '2022-12-10 03:33:33', '2022-12-10 03:33:33'),
(5, 'Kayla Fisher', 'X', 'frederique18@gmail.com', '85493 Jacinto Centers Suite 120', 'Erickaborough', 'Hawaii', '39433-1655', '2022-12-10 03:33:33', '2022-12-10 03:33:33'),
(6, 'Dr. Carlo Frami MD', 'X', 'veum.jeremie@mcglynn.com', '3956 Enos Views Suite 839', 'Bayerberg', 'Ohio', '80819-4183', '2022-12-10 03:33:33', '2022-12-10 03:33:33'),
(7, 'Paucek-Huel', 'Y', 'swintheiser@kassulke.biz', '32323 Cindy Greens', 'Emileside', 'Rhode Island', '71965-6894', '2022-12-10 03:33:33', '2022-12-10 03:33:33'),
(8, 'Morissette-Brown', 'Y', 'sanford.zetta@mann.biz', '4015 Cummings Underpass', 'North Nicoletteborough', 'Illinois', '88708-1224', '2022-12-10 03:33:33', '2022-12-10 03:33:33'),
(9, 'Kemmer-Cruickshank', 'Y', 'ghills@cartwright.com', '3298 Terry Estates', 'Bechtelarmouth', 'Oregon', '27386', '2022-12-10 03:33:33', '2022-12-10 03:33:33'),
(10, 'Myrtie Hessel DDS', 'X', 'quigley.katheryn@muller.biz', '241 Rippin Dam Apt. 063', 'Elizabethton', 'New York', '01888-3589', '2022-12-10 03:33:33', '2022-12-10 03:33:33'),
(11, 'Rogahn, Mertz and Kuhn', 'Y', 'bryon.ratke@bechtelar.com', '8477 Hill Viaduct Suite 494', 'West Ray', 'Tennessee', '88349-2511', '2022-12-10 03:33:33', '2022-12-10 03:33:33'),
(12, 'Mr. Leonard Bins', 'X', 'kunde.chyna@hotmail.com', '8629 Richard Ramp Suite 453', 'New Randi', 'New York', '04055-8790', '2022-12-10 03:33:33', '2022-12-10 03:33:33'),
(13, 'Will, Wehner and McGlynn', 'Y', 'rollin72@gmail.com', '83412 Marcelle Junctions', 'Gusland', 'Oregon', '80150-0352', '2022-12-10 03:33:34', '2022-12-10 03:33:34'),
(14, 'Ludwig Mertz Sr.', 'X', 'stark.angelo@gmail.com', '34058 Genesis Wall Apt. 489', 'Ankundingstad', 'Wyoming', '01745', '2022-12-10 03:33:34', '2022-12-10 03:33:34'),
(15, 'Raynor PLC', 'Y', 'jewell11@zemlak.com', '719 Beahan Orchard', 'Metzchester', 'Georgia', '10183', '2022-12-10 03:33:34', '2022-12-10 03:33:34'),
(16, 'Jones, Beatty and Howe', 'Y', 'orlando23@heller.com', '926 Conor Harbors', 'New Emery', 'South Carolina', '79390-0309', '2022-12-10 03:33:34', '2022-12-10 03:33:34'),
(17, 'Prof. Garnett Will II', 'X', 'bo33@hirthe.com', '52832 Lauretta Extensions', 'Antoniashire', 'Montana', '30399-5349', '2022-12-10 03:33:34', '2022-12-10 03:33:34'),
(18, 'Dr. Rasheed Hettinger I', 'X', 'macejkovic.isaias@stanton.com', '426 Tyreek Prairie', 'New Arnold', 'Texas', '32574-2291', '2022-12-10 03:33:34', '2022-12-10 03:33:34'),
(19, 'Bogisich, Kshlerin and Harris', 'Y', 'lilyan32@hotmail.com', '5825 Lowell Throughway Apt. 065', 'North Hiramfort', 'Pennsylvania', '45346-8992', '2022-12-10 03:33:34', '2022-12-10 03:33:34'),
(20, 'Beier Ltd', 'Y', 'vilma.roob@gmail.com', '9800 Daugherty Streets Apt. 954', 'Walshton', 'Hawaii', '16435', '2022-12-10 03:33:34', '2022-12-10 03:33:34'),
(21, 'Rodriguez-Botsford', 'Y', 'hermann.odie@shanahan.org', '1183 Leannon Highway Suite 383', 'East Kendall', 'Alabama', '31678-5509', '2022-12-10 03:33:34', '2022-12-10 03:33:34'),
(22, 'Schimmel Ltd', 'Y', 'cleveland.kling@mckenzie.com', '48578 Kareem Knolls', 'South Yolanda', 'California', '43951-7243', '2022-12-10 03:33:34', '2022-12-10 03:33:34'),
(23, 'Citlalli Kiehn', 'X', 'yturcotte@buckridge.com', '8737 Flavio Islands', 'Lehnerport', 'Pennsylvania', '28117', '2022-12-10 03:33:34', '2022-12-10 03:33:34'),
(24, 'Hoeger PLC', 'Y', 'ashlee.fay@gmail.com', '50301 Owen Streets Suite 984', 'Corneliusfort', 'Maine', '59563-0709', '2022-12-10 03:33:34', '2022-12-10 03:33:34'),
(25, 'Carter-Stanton', 'Y', 'isabella.bins@kulas.info', '10052 Marques Ridges Apt. 261', 'Lake Dustystad', 'Hawaii', '99848-2988', '2022-12-10 03:33:34', '2022-12-10 03:33:34'),
(26, 'McDermott, Jenkins and Paucek', 'Y', 'klocko.paul@yahoo.com', '11783 Klein Mills Suite 078', 'Jaylenberg', 'Colorado', '62358-8774', '2022-12-10 03:33:34', '2022-12-10 03:33:34'),
(27, 'Max Bernier', 'X', 'macejkovic.darby@yahoo.com', '89725 Blanda Avenue', 'Wunschberg', 'West Virginia', '80828', '2022-12-10 03:33:34', '2022-12-10 03:33:34'),
(28, 'Brando Swift', 'X', 'breitenberg.verla@zboncak.biz', '52953 Khalil Locks Apt. 798', 'Port Clairemouth', 'Iowa', '82460', '2022-12-10 03:33:34', '2022-12-10 03:33:34'),
(29, 'Pearl Cartwright', 'X', 'maxine22@mckenzie.com', '20733 O\'Keefe Glens', 'Port Aracely', 'Alabama', '87624-3436', '2022-12-10 03:33:34', '2022-12-10 03:33:34'),
(30, 'Claudia Braun', 'X', 'zulauf.bruce@hermann.com', '34281 Purdy Village Suite 667', 'Greenbury', 'Massachusetts', '01733-3844', '2022-12-10 03:33:34', '2022-12-10 03:33:34'),
(31, 'Hackett-Adams', 'Y', 'jackson.lang@jacobs.com', '208 Heather Glens Apt. 915', 'Ziemannville', 'Wisconsin', '32165-1213', '2022-12-10 03:33:34', '2022-12-10 03:33:34'),
(32, 'Watsica Inc', 'Y', 'lheidenreich@wunsch.com', '4296 Padberg Squares', 'Lake Nicolasstad', 'North Carolina', '64098-0376', '2022-12-10 03:33:34', '2022-12-10 03:33:34'),
(33, 'Granville Becker', 'X', 'ujohnston@huel.com', '868 Klocko Via', 'South Cordia', 'North Carolina', '28653-0753', '2022-12-10 03:33:34', '2022-12-10 03:33:34'),
(34, 'Orin Breitenberg IV', 'X', 'abbigail.kreiger@hotmail.com', '654 Collier Vista', 'Hamillhaven', 'New Hampshire', '08387-3438', '2022-12-10 03:33:34', '2022-12-10 03:33:34'),
(35, 'Ollie Jast', 'X', 'xkertzmann@yahoo.com', '86109 Jo Shoal Suite 906', 'Lake Daveshire', 'Louisiana', '33974-3119', '2022-12-10 03:33:34', '2022-12-10 03:33:34'),
(36, 'Graham, Little and Bernier', 'Y', 'xlakin@hotmail.com', '95736 Bennie Flats Suite 090', 'Bogisichport', 'Wyoming', '16456-0708', '2022-12-10 03:33:34', '2022-12-10 03:33:34'),
(37, 'Rogelio Dickinson', 'X', 'predovic.rozella@yahoo.com', '55175 Kasey Road Apt. 722', 'Torphymouth', 'Florida', '78597-9237', '2022-12-10 03:33:34', '2022-12-10 03:33:34'),
(38, 'Emmie Hackett', 'X', 'marlen.wisozk@gmail.com', '828 Kay Shoals Suite 444', 'Kshlerinland', 'Kentucky', '85827', '2022-12-10 03:33:34', '2022-12-10 03:33:34'),
(39, 'Douglas Group', 'Y', 'block.blaze@gmail.com', '685 O\'Connell Parkways Apt. 925', 'New Stanleyton', 'New Mexico', '41537', '2022-12-10 03:33:34', '2022-12-10 03:33:34'),
(40, 'Torphy Ltd', 'Y', 'dominique.bechtelar@hotmail.com', '962 Haley Extensions', 'Mooreville', 'Kansas', '08781', '2022-12-10 03:33:34', '2022-12-10 03:33:34'),
(41, 'Vicenta Block', 'X', 'friesen.chesley@hotmail.com', '13780 Hilda Forges Suite 314', 'Littelview', 'Nevada', '84361-0123', '2022-12-10 03:33:34', '2022-12-10 03:33:34'),
(42, 'Zemlak PLC', 'Y', 'plakin@gmail.com', '12797 Jamaal Fields', 'Lake Audie', 'Hawaii', '38601-3897', '2022-12-10 03:33:34', '2022-12-10 03:33:34'),
(43, 'Leffler, Marks and Weissnat', 'Y', 'cyrus45@witting.com', '6748 Beier Springs', 'South Cordelia', 'North Dakota', '31868-5799', '2022-12-10 03:33:34', '2022-12-10 03:33:34'),
(44, 'Jimmie Von', 'X', 'skiles.rosanna@walter.com', '233 Corine Key Suite 600', 'West Abelland', 'Maryland', '00226-2185', '2022-12-10 03:33:34', '2022-12-10 03:33:34'),
(45, 'Mrs. Anya Cartwright', 'X', 'lnicolas@gmail.com', '16921 Art Freeway', 'West Brandon', 'Illinois', '92484-2979', '2022-12-10 03:33:34', '2022-12-10 03:33:34'),
(46, 'Mr. Makenna Johnson', 'X', 'nskiles@hotmail.com', '8849 Cruickshank Summit', 'Lincolnburgh', 'South Dakota', '44185-0752', '2022-12-10 03:33:34', '2022-12-10 03:33:34'),
(47, 'Vladimir Kub', 'X', 'friesen.gregg@eichmann.com', '3980 Monserrat Loop', 'Port Thelma', 'Colorado', '68051-0012', '2022-12-10 03:33:34', '2022-12-10 03:33:34'),
(48, 'Mrs. Melisa Tromp', 'X', 'cmayert@stokes.com', '1230 Koelpin Point Suite 570', 'East Amos', 'South Dakota', '46082-3045', '2022-12-10 03:33:34', '2022-12-10 03:33:34'),
(49, 'Rogahn, Walsh and Gulgowski', 'Y', 'beth86@mayert.com', '54255 Arianna Brook', 'Susannamouth', 'Rhode Island', '24711', '2022-12-10 03:33:34', '2022-12-10 03:33:34'),
(50, 'Nicolas and Sons', 'Y', 'ygoldner@hotmail.com', '323 Geraldine Squares', 'New Samsonburgh', 'Wyoming', '55312-1402', '2022-12-10 03:33:34', '2022-12-10 03:33:34'),
(51, 'Dorris Oberbrunner', 'X', 'padberg.clyde@metz.biz', '345 Becker Parkway', 'Scottyfurt', 'South Carolina', '85766-8160', '2022-12-10 03:33:34', '2022-12-10 03:33:34'),
(52, 'Madison Hermiston', 'X', 'oconnell.ashton@yahoo.com', '9949 Shields Meadow Suite 173', 'Homenickburgh', 'Pennsylvania', '27566', '2022-12-10 03:33:34', '2022-12-10 03:33:34'),
(53, 'Kulas Ltd', 'Y', 'ayana39@hotmail.com', '288 Schulist Squares', 'South Eloiseburgh', 'Wyoming', '13103', '2022-12-10 03:33:34', '2022-12-10 03:33:34'),
(54, 'Uriah Berge', 'X', 'reichert.devin@yahoo.com', '152 Blanca Turnpike', 'Padbergbury', 'District of Columbia', '79256-4788', '2022-12-10 03:33:34', '2022-12-10 03:33:34'),
(55, 'Bahringer, Thompson and Haag', 'Y', 'keanu31@skiles.com', '798 Loyce Knoll', 'Clovisfort', 'Vermont', '65170', '2022-12-10 03:33:34', '2022-12-10 03:33:34'),
(56, 'Abdiel Metz', 'X', 'waelchi.yasmine@becker.org', '708 Klocko Island', 'Whiteton', 'Iowa', '44420', '2022-12-10 03:33:34', '2022-12-10 03:33:34'),
(57, 'Ms. Mireya Cormier IV', 'X', 'buckridge.paula@watsica.info', '25461 Wunsch Plain', 'West Reggieport', 'Nebraska', '90379', '2022-12-10 03:33:35', '2022-12-10 03:33:35'),
(58, 'Casimir Abbott Jr.', 'X', 'cpfeffer@yahoo.com', '2125 Tromp Dale Apt. 166', 'Rosalindborough', 'Wisconsin', '13980-2620', '2022-12-10 03:33:35', '2022-12-10 03:33:35'),
(59, 'Carmelo Rempel', 'X', 'colleen10@hill.com', '6654 Daija Mills', 'Raynorfort', 'Arkansas', '19359-4197', '2022-12-10 03:33:35', '2022-12-10 03:33:35'),
(60, 'Casper Inc', 'Y', 'spencer.judson@gmail.com', '31202 Auer Corner', 'Lake Miltonmouth', 'Oregon', '37848-6127', '2022-12-10 03:33:35', '2022-12-10 03:33:35'),
(61, 'Clovis Nienow', 'X', 'unique37@hotmail.com', '3080 Reichel Mountains Suite 504', 'Lake Tyshawn', 'Florida', '75555-7666', '2022-12-10 03:33:35', '2022-12-10 03:33:35'),
(62, 'Gerhold-Hoeger', 'Y', 'qruecker@yahoo.com', '859 Micaela Throughway', 'Jonasside', 'New Jersey', '64501-1547', '2022-12-10 03:33:35', '2022-12-10 03:33:35'),
(63, 'Willms-Bruen', 'Y', 'myron.blick@gottlieb.org', '492 Kub Mission Suite 603', 'East Lindafurt', 'Maine', '01802', '2022-12-10 03:33:35', '2022-12-10 03:33:35'),
(64, 'Jammie Jakubowski', 'X', 'una06@yahoo.com', '7246 Lynch Brook Suite 197', 'South Wainohaven', 'Virginia', '55774', '2022-12-10 03:33:35', '2022-12-10 03:33:35'),
(65, 'Batz, Von and Heidenreich', 'Y', 'sydnie.mueller@gmail.com', '39649 Stanford Village Apt. 470', 'North Dedrickfort', 'Rhode Island', '45515', '2022-12-10 03:33:35', '2022-12-10 03:33:35'),
(66, 'Jordyn Braun', 'X', 'rogers.runolfsdottir@herman.biz', '46107 Vanessa Land Suite 553', 'Kalebton', 'Maryland', '11681', '2022-12-10 03:33:35', '2022-12-10 03:33:35'),
(67, 'Windler Ltd', 'Y', 'feest.pascale@hotmail.com', '68688 Raynor Circle Suite 182', 'Blandatown', 'Kentucky', '47465', '2022-12-10 03:33:35', '2022-12-10 03:33:35'),
(68, 'Gleichner, Swift and Schuppe', 'Y', 'king.name@wisozk.com', '5136 Wiley Fall Suite 266', 'Dellborough', 'Mississippi', '90072', '2022-12-10 03:33:35', '2022-12-10 03:33:35'),
(69, 'Huel, Carter and Raynor', 'Y', 'nyah.collier@okuneva.net', '44022 Leland Squares', 'Lake Toniburgh', 'Arizona', '67843', '2022-12-10 03:33:35', '2022-12-10 03:33:35'),
(70, 'Rice-Baumbach', 'Y', 'carter.kolby@gmail.com', '9249 Harris Mall Suite 692', 'Vergiebury', 'Rhode Island', '72317', '2022-12-10 03:33:35', '2022-12-10 03:33:35'),
(71, 'Jaydon Crona', 'X', 'hayley.bashirian@mohr.com', '94826 O\'Kon Ranch Apt. 308', 'Priceport', 'Massachusetts', '43502-2654', '2022-12-10 03:33:35', '2022-12-10 03:33:35'),
(72, 'Bartell LLC', 'Y', 'npurdy@hotmail.com', '59703 Sabryna Neck Suite 870', 'Lake Alyce', 'Tennessee', '49943-9409', '2022-12-10 03:33:35', '2022-12-10 03:33:35'),
(73, 'Julia McDermott Sr.', 'X', 'mariano.nikolaus@west.com', '74524 Fadel Plains', 'West Clintonport', 'Mississippi', '08648', '2022-12-10 03:33:35', '2022-12-10 03:33:35'),
(74, 'Ms. Deanna Jast', 'X', 'alice53@jones.com', '79060 Murazik Unions Suite 858', 'East Werner', 'Missouri', '11685-7131', '2022-12-10 03:33:35', '2022-12-10 03:33:35'),
(75, 'Olen Zboncak', 'X', 'espencer@hotmail.com', '1352 Shanahan Isle Suite 942', 'Margaretburgh', 'Colorado', '50573', '2022-12-10 03:33:35', '2022-12-10 03:33:35'),
(76, 'Kemmer LLC', 'Y', 'christop.skiles@yahoo.com', '949 Emmerich Common Apt. 875', 'Champlinfort', 'Mississippi', '18775-7947', '2022-12-10 03:33:35', '2022-12-10 03:33:35'),
(77, 'Guy Hauck', 'X', 'donny28@bernier.com', '432 Fisher Ports', 'Pinkfort', 'Hawaii', '38096', '2022-12-10 03:33:35', '2022-12-10 03:33:35'),
(78, 'Prof. Levi Bogan', 'X', 'lfeest@hotmail.com', '54482 Claudine Club', 'Fritschton', 'Virginia', '71308-4508', '2022-12-10 03:33:35', '2022-12-10 03:33:35'),
(79, 'Eugenia Feil MD', 'X', 'nswift@yahoo.com', '6570 Krystina Gateway', 'Krystinamouth', 'New Mexico', '62098-9706', '2022-12-10 03:33:35', '2022-12-10 03:33:35'),
(80, 'Schoen, Bogisich and Spinka', 'Y', 'rusty23@stroman.com', '317 Dach Rue Apt. 958', 'Schinnerside', 'Nebraska', '91117-7618', '2022-12-10 03:33:35', '2022-12-10 03:33:35'),
(81, 'Prof. Nelson Conn', 'X', 'rhagenes@bosco.org', '7721 Liam Crossroad', 'Macburgh', 'Wyoming', '44148', '2022-12-10 03:33:35', '2022-12-10 03:33:35'),
(82, 'Durgan, Langosh and Schmitt', 'Y', 'verna37@barton.biz', '102 Cruickshank Fort', 'Lake Maymieberg', 'Colorado', '69813', '2022-12-10 03:33:35', '2022-12-10 03:33:35'),
(83, 'Prof. Lambert Wisoky', 'X', 'weimann.emilie@hotmail.com', '5522 Wuckert Curve', 'Port Einarbury', 'Louisiana', '72436-3897', '2022-12-10 03:33:35', '2022-12-10 03:33:35'),
(84, 'Zita Hagenes', 'X', 'turcotte.lauretta@klocko.com', '26721 Zemlak Prairie Suite 628', 'Lake Juvenalshire', 'Michigan', '28278', '2022-12-10 03:33:35', '2022-12-10 03:33:35'),
(85, 'Madisyn Goldner', 'X', 'bernhard.cassie@gmail.com', '11523 Serenity Court Suite 615', 'New Carleyfurt', 'Virginia', '07486', '2022-12-10 03:33:35', '2022-12-10 03:33:35'),
(86, 'Robel PLC', 'Y', 'chloe84@adams.net', '18846 Winona Loaf', 'New Tania', 'Washington', '20562', '2022-12-10 03:33:35', '2022-12-10 03:33:35'),
(87, 'Reichert-Schinner', 'Y', 'elyse.conroy@abshire.biz', '392 Herman Divide', 'West Lexus', 'Michigan', '88639', '2022-12-10 03:33:35', '2022-12-10 03:33:35'),
(88, 'Julia Champlin', 'X', 'dare.eleanora@brekke.biz', '5678 Winnifred Forks', 'Shieldsburgh', 'Oregon', '65122', '2022-12-10 03:33:35', '2022-12-10 03:33:35'),
(89, 'Murazik, Hartmann and Hodkiewicz', 'Y', 'jonas26@abernathy.info', '726 Hayley Underpass Apt. 413', 'New Emmanuel', 'Illinois', '10806', '2022-12-10 03:33:35', '2022-12-10 03:33:35'),
(90, 'Sterling Keeling', 'X', 'ray74@strosin.com', '23961 Jerrell Squares Suite 056', 'Metzhaven', 'Kansas', '07223-0285', '2022-12-10 03:33:35', '2022-12-10 03:33:35'),
(91, 'Leslie Walker', 'X', 'liliane.bartell@gmail.com', '84836 Wilkinson Village', 'Quinnmouth', 'Mississippi', '55855', '2022-12-10 03:33:35', '2022-12-10 03:33:35'),
(92, 'Moore-Roberts', 'Y', 'vance87@gmail.com', '3750 Frieda Knolls Suite 318', 'North Magdalenmouth', 'Wisconsin', '22127-6384', '2022-12-10 03:33:35', '2022-12-10 03:33:35'),
(93, 'Swift LLC', 'Y', 'yhauck@hintz.info', '414 Mayer Camp', 'Amayastad', 'Rhode Island', '68403', '2022-12-10 03:33:35', '2022-12-10 03:33:35'),
(94, 'Bianka Moore PhD', 'X', 'jean.upton@reichel.com', '13645 Crist Squares', 'South Leonora', 'Arkansas', '31006', '2022-12-10 03:33:35', '2022-12-10 03:33:35'),
(95, 'Kirlin, Graham and McDermott', 'Y', 'esta.thompson@yahoo.com', '214 Kris Fords Suite 572', 'Runtemouth', 'Vermont', '79532-7240', '2022-12-10 03:33:35', '2022-12-10 03:33:35'),
(96, 'Howell Beatty DVM', 'X', 'spinka.maynard@sporer.com', '942 Eva Mission', 'Townemouth', 'Michigan', '12343', '2022-12-10 03:33:35', '2022-12-10 03:33:35'),
(97, 'Abigale Sanford', 'X', 'juston37@robel.com', '23273 Juvenal Vista', 'East Wendell', 'Connecticut', '17491', '2022-12-10 03:33:35', '2022-12-10 03:33:35'),
(98, 'Bennie Boehm', 'X', 'hparisian@veum.com', '5738 Otho Camp', 'Lake Wendymouth', 'Maryland', '58428-2942', '2022-12-10 03:33:35', '2022-12-10 03:33:35'),
(99, 'Hoppe Group', 'Y', 'ayden68@jerde.com', '56360 Keyshawn Flats', 'Lake Kristoffer', 'Pennsylvania', '60179-6274', '2022-12-10 03:33:35', '2022-12-10 03:33:35'),
(100, 'Mariam Schinner I', 'X', 'tara.harris@champlin.com', '72106 Cassin Freeway Suite 236', 'North Assunta', 'Nevada', '41542-1935', '2022-12-10 03:33:35', '2022-12-10 03:33:35'),
(101, 'Stokes-Runolfsson', 'Y', 'vaughn46@yahoo.com', '25219 Noel Route', 'Port Rooseveltmouth', 'Alabama', '82529-7809', '2022-12-10 03:33:35', '2022-12-10 03:33:35'),
(102, 'Eleanora Hand', 'X', 'berge.pearline@hotmail.com', '2735 Hailie Points Apt. 678', 'Marquardtburgh', 'California', '96756', '2022-12-10 03:33:35', '2022-12-10 03:33:35'),
(103, 'Ms. Heather Hoeger I', 'X', 'rzulauf@yahoo.com', '96209 Leonor Lakes Suite 350', 'Lake Alexisberg', 'New Jersey', '30463-7510', '2022-12-10 03:33:35', '2022-12-10 03:33:35'),
(104, 'Zieme, Hirthe and Mayert', 'Y', 'lueilwitz.ebba@kertzmann.com', '29474 Hackett Overpass', 'Lake Martina', 'Missouri', '95558-2529', '2022-12-10 03:33:35', '2022-12-10 03:33:35'),
(105, 'Charlotte Sanford', 'X', 'kory.abbott@gmail.com', '49546 Gregory Valleys Apt. 560', 'Walkerchester', 'Minnesota', '88870', '2022-12-10 03:33:35', '2022-12-10 03:33:35'),
(106, 'Glover, Jerde and Pagac', 'Y', 'rachael.greenfelder@yahoo.com', '379 Lysanne Forge', 'South Nayelihaven', 'Illinois', '63196-2803', '2022-12-10 03:33:36', '2022-12-10 03:33:36'),
(107, 'Maurice McLaughlin', 'X', 'murphy.juana@yahoo.com', '1722 Christiansen Freeway Apt. 200', 'Port Rosalia', 'Alaska', '95654-7511', '2022-12-10 03:33:36', '2022-12-10 03:33:36'),
(108, 'Hamill-Watsica', 'Y', 'uschoen@watsica.com', '7553 Adonis Walks Apt. 551', 'Adamsville', 'Alaska', '99778', '2022-12-10 03:33:36', '2022-12-10 03:33:36');

-- --------------------------------------------------------

--
-- Struktura tabeli dla tabeli `failed_jobs`
--

CREATE TABLE `failed_jobs` (
  `id` bigint(20) UNSIGNED NOT NULL,
  `uuid` varchar(255) COLLATE utf8mb4_unicode_ci NOT NULL,
  `connection` text COLLATE utf8mb4_unicode_ci NOT NULL,
  `queue` text COLLATE utf8mb4_unicode_ci NOT NULL,
  `payload` longtext COLLATE utf8mb4_unicode_ci NOT NULL,
  `exception` longtext COLLATE utf8mb4_unicode_ci NOT NULL,
  `failed_at` timestamp NOT NULL DEFAULT current_timestamp()
) ENGINE=InnoDB DEFAULT CHARSET=utf8mb4 COLLATE=utf8mb4_unicode_ci;

-- --------------------------------------------------------

--
-- Struktura tabeli dla tabeli `invoices`
--

CREATE TABLE `invoices` (
  `id` bigint(20) UNSIGNED NOT NULL,
  `customer_id` int(11) NOT NULL,
  `amount` int(11) NOT NULL,
  `status` varchar(255) COLLATE utf8mb4_unicode_ci NOT NULL,
  `billed_date` datetime NOT NULL,
  `paid_date` datetime DEFAULT NULL,
  `created_at` timestamp NULL DEFAULT NULL,
  `updated_at` timestamp NULL DEFAULT NULL
) ENGINE=InnoDB DEFAULT CHARSET=utf8mb4 COLLATE=utf8mb4_unicode_ci;

--
-- Zrzut danych tabeli `invoices`
--

INSERT INTO `invoices` (`id`, `customer_id`, `amount`, `status`, `billed_date`, `paid_date`, `created_at`, `updated_at`) VALUES
(1, 1, 2607, 'P', '2016-04-30 22:58:03', '2021-03-10 14:33:23', '2022-12-10 03:33:33', '2022-12-10 03:33:33'),
(2, 1, 86220, 'B', '2021-07-20 22:39:52', NULL, '2022-12-10 03:33:33', '2022-12-10 03:33:33'),
(3, 1, 24185, 'B', '2015-12-22 00:20:44', NULL, '2022-12-10 03:33:33', '2022-12-10 03:33:33'),
(4, 1, 48494, 'V', '2020-03-02 02:10:10', NULL, '2022-12-10 03:33:33', '2022-12-10 03:33:33'),
(5, 1, 35678, 'P', '2013-05-27 18:14:01', '2018-06-16 00:05:34', '2022-12-10 03:33:33', '2022-12-10 03:33:33'),
(6, 1, 3835, 'P', '2018-06-11 22:57:53', '2013-01-28 23:32:11', '2022-12-10 03:33:33', '2022-12-10 03:33:33'),
(7, 1, 59168, 'P', '2019-02-17 19:58:56', '2021-06-05 23:59:17', '2022-12-10 03:33:33', '2022-12-10 03:33:33'),
(8, 1, 2035, 'B', '2018-11-25 09:48:24', NULL, '2022-12-10 03:33:33', '2022-12-10 03:33:33'),
(9, 1, 42314, 'B', '2016-11-26 05:08:07', NULL, '2022-12-10 03:33:33', '2022-12-10 03:33:33'),
(10, 1, 9161, 'P', '2014-05-02 22:06:13', '2020-12-13 19:24:17', '2022-12-10 03:33:33', '2022-12-10 03:33:33'),
(11, 1, 29795, 'V', '2022-11-03 16:37:21', NULL, '2022-12-10 03:33:33', '2022-12-10 03:33:33'),
(12, 2, 50764, 'P', '2020-03-28 07:49:46', '2018-07-23 19:01:19', '2022-12-10 03:33:33', '2022-12-10 03:33:33'),
(13, 2, 66122, 'P', '2019-06-22 04:56:47', '2021-11-01 13:26:35', '2022-12-10 03:33:33', '2022-12-10 03:33:33'),
(14, 2, 19979, 'B', '2014-08-21 20:23:55', NULL, '2022-12-10 03:33:33', '2022-12-10 03:33:33'),
(15, 2, 91375, 'V', '2017-09-19 16:04:14', NULL, '2022-12-10 03:33:33', '2022-12-10 03:33:33'),
(16, 2, 5765, 'V', '2019-10-20 06:12:00', NULL, '2022-12-10 03:33:33', '2022-12-10 03:33:33'),
(17, 2, 60985, 'B', '2020-07-01 10:48:40', NULL, '2022-12-10 03:33:33', '2022-12-10 03:33:33'),
(18, 2, 37229, 'P', '2019-04-21 10:07:18', '2017-07-05 16:06:56', '2022-12-10 03:33:33', '2022-12-10 03:33:33'),
(19, 2, 49127, 'P', '2017-02-26 08:34:04', '2017-10-16 21:21:42', '2022-12-10 03:33:33', '2022-12-10 03:33:33'),
(20, 2, 53079, 'B', '2017-09-05 02:12:07', NULL, '2022-12-10 03:33:33', '2022-12-10 03:33:33'),
(21, 2, 37913, 'B', '2019-11-26 16:21:45', NULL, '2022-12-10 03:33:33', '2022-12-10 03:33:33'),
(22, 2, 28714, 'P', '2020-07-21 09:11:39', '2019-05-29 10:36:50', '2022-12-10 03:33:33', '2022-12-10 03:33:33'),
(23, 3, 95406, 'P', '2020-11-01 09:25:19', '2018-05-21 06:13:17', '2022-12-10 03:33:33', '2022-12-10 03:33:33'),
(24, 3, 13865, 'P', '2021-03-14 22:58:12', '2016-04-14 16:20:27', '2022-12-10 03:33:33', '2022-12-10 03:33:33'),
(25, 3, 6569, 'B', '2014-07-16 13:52:36', NULL, '2022-12-10 03:33:33', '2022-12-10 03:33:33'),
(26, 3, 53365, 'B', '2019-07-06 13:09:25', NULL, '2022-12-10 03:33:33', '2022-12-10 03:33:33'),
(27, 3, 50830, 'V', '2013-05-08 22:21:53', NULL, '2022-12-10 03:33:33', '2022-12-10 03:33:33'),
(28, 3, 20690, 'B', '2014-10-02 06:50:02', NULL, '2022-12-10 03:33:33', '2022-12-10 03:33:33'),
(29, 3, 79775, 'V', '2019-12-24 23:14:07', NULL, '2022-12-10 03:33:33', '2022-12-10 03:33:33'),
(30, 3, 53345, 'B', '2015-01-29 19:14:58', NULL, '2022-12-10 03:33:33', '2022-12-10 03:33:33'),
(31, 3, 76611, 'V', '2013-06-30 07:53:02', NULL, '2022-12-10 03:33:33', '2022-12-10 03:33:33'),
(32, 3, 29025, 'P', '2017-01-06 22:16:25', '2021-07-04 04:22:04', '2022-12-10 03:33:33', '2022-12-10 03:33:33'),
(33, 3, 90237, 'B', '2019-02-03 18:59:12', NULL, '2022-12-10 03:33:33', '2022-12-10 03:33:33'),
(34, 4, 59492, 'B', '2015-08-03 01:48:44', NULL, '2022-12-10 03:33:33', '2022-12-10 03:33:33'),
(35, 4, 3657, 'P', '2019-12-14 23:05:11', '2019-02-22 18:11:32', '2022-12-10 03:33:33', '2022-12-10 03:33:33'),
(36, 4, 17655, 'V', '2022-10-30 20:41:10', NULL, '2022-12-10 03:33:33', '2022-12-10 03:33:33'),
(37, 4, 33921, 'B', '2020-04-27 04:27:23', NULL, '2022-12-10 03:33:33', '2022-12-10 03:33:33'),
(38, 4, 89789, 'V', '2019-08-11 20:22:07', NULL, '2022-12-10 03:33:33', '2022-12-10 03:33:33'),
(39, 4, 27539, 'B', '2018-11-11 15:51:26', NULL, '2022-12-10 03:33:33', '2022-12-10 03:33:33'),
(40, 4, 26065, 'B', '2017-11-04 04:12:14', NULL, '2022-12-10 03:33:33', '2022-12-10 03:33:33'),
(41, 4, 73144, 'B', '2018-10-23 00:44:48', NULL, '2022-12-10 03:33:33', '2022-12-10 03:33:33'),
(42, 4, 73249, 'P', '2019-03-30 05:09:46', '2020-06-25 10:40:10', '2022-12-10 03:33:33', '2022-12-10 03:33:33'),
(43, 4, 15528, 'V', '2014-12-04 06:43:07', NULL, '2022-12-10 03:33:33', '2022-12-10 03:33:33'),
(44, 4, 33687, 'V', '2019-12-13 04:19:48', NULL, '2022-12-10 03:33:33', '2022-12-10 03:33:33'),
(45, 5, 57739, 'P', '2013-03-31 20:37:47', '2015-05-09 15:10:50', '2022-12-10 03:33:33', '2022-12-10 03:33:33'),
(46, 5, 36301, 'V', '2022-02-27 03:42:09', NULL, '2022-12-10 03:33:33', '2022-12-10 03:33:33'),
(47, 5, 95488, 'V', '2021-08-07 17:33:45', NULL, '2022-12-10 03:33:33', '2022-12-10 03:33:33'),
(48, 5, 49725, 'B', '2018-02-18 12:18:28', NULL, '2022-12-10 03:33:33', '2022-12-10 03:33:33'),
(49, 5, 93880, 'B', '2015-12-01 19:00:33', NULL, '2022-12-10 03:33:33', '2022-12-10 03:33:33'),
(50, 5, 3248, 'V', '2015-10-01 06:48:30', NULL, '2022-12-10 03:33:33', '2022-12-10 03:33:33'),
(51, 5, 93683, 'B', '2017-10-28 04:04:25', NULL, '2022-12-10 03:33:33', '2022-12-10 03:33:33'),
(52, 5, 85573, 'B', '2019-04-07 17:15:26', NULL, '2022-12-10 03:33:33', '2022-12-10 03:33:33'),
(53, 5, 23023, 'V', '2018-11-05 07:02:52', NULL, '2022-12-10 03:33:33', '2022-12-10 03:33:33'),
(54, 5, 51960, 'B', '2014-12-24 07:38:04', NULL, '2022-12-10 03:33:33', '2022-12-10 03:33:33'),
(55, 5, 28225, 'B', '2019-08-05 23:07:09', NULL, '2022-12-10 03:33:33', '2022-12-10 03:33:33'),
(56, 6, 5165, 'V', '2017-02-19 06:37:56', NULL, '2022-12-10 03:33:33', '2022-12-10 03:33:33'),
(57, 6, 36601, 'V', '2020-12-24 21:18:24', NULL, '2022-12-10 03:33:33', '2022-12-10 03:33:33'),
(58, 6, 1436, 'V', '2020-01-30 08:27:42', NULL, '2022-12-10 03:33:33', '2022-12-10 03:33:33'),
(59, 6, 22953, 'V', '2015-01-10 22:20:33', NULL, '2022-12-10 03:33:33', '2022-12-10 03:33:33'),
(60, 6, 68177, 'V', '2022-03-23 17:49:30', NULL, '2022-12-10 03:33:33', '2022-12-10 03:33:33'),
(61, 6, 76251, 'V', '2017-12-16 00:38:41', NULL, '2022-12-10 03:33:33', '2022-12-10 03:33:33'),
(62, 6, 19386, 'B', '2014-04-21 08:53:22', NULL, '2022-12-10 03:33:33', '2022-12-10 03:33:33'),
(63, 6, 46533, 'B', '2018-04-29 16:06:16', NULL, '2022-12-10 03:33:33', '2022-12-10 03:33:33'),
(64, 6, 75703, 'V', '2014-12-31 03:14:51', NULL, '2022-12-10 03:33:33', '2022-12-10 03:33:33'),
(65, 6, 8939, 'V', '2020-04-04 04:24:11', NULL, '2022-12-10 03:33:33', '2022-12-10 03:33:33'),
(66, 6, 95739, 'P', '2018-03-16 21:41:35', '2021-03-12 08:06:42', '2022-12-10 03:33:33', '2022-12-10 03:33:33'),
(67, 7, 89358, 'B', '2014-09-10 16:05:22', NULL, '2022-12-10 03:33:33', '2022-12-10 03:33:33'),
(68, 7, 69611, 'P', '2020-05-08 23:40:22', '2018-07-23 20:41:44', '2022-12-10 03:33:33', '2022-12-10 03:33:33'),
(69, 7, 88565, 'B', '2021-04-13 09:57:00', NULL, '2022-12-10 03:33:33', '2022-12-10 03:33:33'),
(70, 7, 82174, 'B', '2022-03-24 22:01:30', NULL, '2022-12-10 03:33:33', '2022-12-10 03:33:33'),
(71, 7, 63443, 'P', '2019-06-04 13:52:50', '2021-08-17 03:45:35', '2022-12-10 03:33:33', '2022-12-10 03:33:33'),
(72, 7, 37356, 'B', '2017-12-29 16:15:09', NULL, '2022-12-10 03:33:33', '2022-12-10 03:33:33'),
(73, 7, 41816, 'B', '2015-09-25 06:50:50', NULL, '2022-12-10 03:33:33', '2022-12-10 03:33:33'),
(74, 7, 76505, 'P', '2016-04-29 16:24:51', '2014-07-26 06:36:06', '2022-12-10 03:33:33', '2022-12-10 03:33:33'),
(75, 7, 45442, 'B', '2019-07-03 07:45:41', NULL, '2022-12-10 03:33:33', '2022-12-10 03:33:33'),
(76, 7, 44635, 'V', '2020-02-23 01:31:19', NULL, '2022-12-10 03:33:33', '2022-12-10 03:33:33'),
(77, 7, 10621, 'V', '2019-11-10 00:36:04', NULL, '2022-12-10 03:33:33', '2022-12-10 03:33:33'),
(78, 8, 90278, 'V', '2022-04-18 03:47:21', NULL, '2022-12-10 03:33:33', '2022-12-10 03:33:33'),
(79, 8, 75698, 'B', '2018-03-21 10:29:57', NULL, '2022-12-10 03:33:33', '2022-12-10 03:33:33'),
(80, 8, 98168, 'V', '2014-03-08 19:50:24', NULL, '2022-12-10 03:33:33', '2022-12-10 03:33:33'),
(81, 8, 78901, 'V', '2014-03-03 03:32:54', NULL, '2022-12-10 03:33:33', '2022-12-10 03:33:33'),
(82, 8, 22115, 'B', '2021-06-06 18:32:22', NULL, '2022-12-10 03:33:33', '2022-12-10 03:33:33'),
(83, 8, 48901, 'V', '2016-05-03 16:29:02', NULL, '2022-12-10 03:33:33', '2022-12-10 03:33:33'),
(84, 8, 90845, 'P', '2022-01-04 20:55:04', '2014-09-28 16:56:33', '2022-12-10 03:33:33', '2022-12-10 03:33:33'),
(85, 8, 51363, 'B', '2017-04-10 22:00:34', NULL, '2022-12-10 03:33:33', '2022-12-10 03:33:33'),
(86, 8, 14673, 'P', '2019-10-27 10:58:47', '2016-11-28 08:19:46', '2022-12-10 03:33:33', '2022-12-10 03:33:33'),
(87, 8, 35668, 'V', '2021-10-30 05:49:28', NULL, '2022-12-10 03:33:33', '2022-12-10 03:33:33'),
(88, 8, 10909, 'P', '2013-10-09 07:11:49', '2013-05-31 21:02:23', '2022-12-10 03:33:33', '2022-12-10 03:33:33'),
(89, 9, 79664, 'P', '2016-03-28 15:59:41', '2021-05-28 18:14:35', '2022-12-10 03:33:33', '2022-12-10 03:33:33'),
(90, 9, 35306, 'V', '2018-07-13 00:13:57', NULL, '2022-12-10 03:33:33', '2022-12-10 03:33:33'),
(91, 9, 22954, 'P', '2018-05-17 20:31:10', '2017-05-15 08:41:35', '2022-12-10 03:33:33', '2022-12-10 03:33:33'),
(92, 9, 37300, 'P', '2018-03-28 08:48:12', '2017-11-20 08:17:37', '2022-12-10 03:33:33', '2022-12-10 03:33:33'),
(93, 9, 87191, 'P', '2014-05-04 11:53:03', '2016-09-27 12:00:05', '2022-12-10 03:33:33', '2022-12-10 03:33:33'),
(94, 9, 11599, 'P', '2018-05-15 12:50:32', '2014-09-18 14:05:11', '2022-12-10 03:33:33', '2022-12-10 03:33:33'),
(95, 9, 92588, 'V', '2014-04-30 08:36:16', NULL, '2022-12-10 03:33:33', '2022-12-10 03:33:33'),
(96, 9, 83638, 'B', '2017-06-27 21:17:53', NULL, '2022-12-10 03:33:33', '2022-12-10 03:33:33'),
(97, 9, 31618, 'V', '2019-03-31 05:58:30', NULL, '2022-12-10 03:33:33', '2022-12-10 03:33:33'),
(98, 9, 13469, 'B', '2021-02-19 03:05:07', NULL, '2022-12-10 03:33:33', '2022-12-10 03:33:33'),
(99, 9, 33132, 'V', '2022-06-03 05:15:12', NULL, '2022-12-10 03:33:33', '2022-12-10 03:33:33'),
(100, 10, 3256, 'V', '2022-07-18 22:24:45', NULL, '2022-12-10 03:33:33', '2022-12-10 03:33:33'),
(101, 10, 13867, 'V', '2013-07-07 17:09:03', NULL, '2022-12-10 03:33:33', '2022-12-10 03:33:33'),
(102, 10, 6204, 'V', '2022-06-02 06:50:45', NULL, '2022-12-10 03:33:33', '2022-12-10 03:33:33'),
(103, 10, 25703, 'P', '2021-12-07 16:46:38', '2013-07-25 22:55:48', '2022-12-10 03:33:33', '2022-12-10 03:33:33'),
(104, 10, 73442, 'B', '2019-07-12 15:21:39', NULL, '2022-12-10 03:33:33', '2022-12-10 03:33:33'),
(105, 10, 95290, 'V', '2019-05-19 18:57:56', NULL, '2022-12-10 03:33:33', '2022-12-10 03:33:33'),
(106, 10, 82272, 'V', '2014-05-08 04:14:06', NULL, '2022-12-10 03:33:33', '2022-12-10 03:33:33'),
(107, 10, 96925, 'P', '2014-02-10 10:55:53', '2017-11-29 00:16:15', '2022-12-10 03:33:33', '2022-12-10 03:33:33'),
(108, 10, 8239, 'B', '2015-09-29 19:18:17', NULL, '2022-12-10 03:33:33', '2022-12-10 03:33:33'),
(109, 10, 34010, 'V', '2020-10-29 17:50:44', NULL, '2022-12-10 03:33:33', '2022-12-10 03:33:33'),
(110, 10, 44833, 'V', '2018-01-04 11:10:33', NULL, '2022-12-10 03:33:33', '2022-12-10 03:33:33'),
(111, 11, 13334, 'P', '2018-06-21 21:35:14', '2013-07-11 02:10:44', '2022-12-10 03:33:33', '2022-12-10 03:33:33'),
(112, 11, 57988, 'V', '2018-01-15 19:24:34', NULL, '2022-12-10 03:33:33', '2022-12-10 03:33:33'),
(113, 11, 92958, 'B', '2014-12-03 11:12:39', NULL, '2022-12-10 03:33:33', '2022-12-10 03:33:33'),
(114, 11, 96648, 'B', '2013-12-01 03:18:05', NULL, '2022-12-10 03:33:33', '2022-12-10 03:33:33'),
(115, 11, 79008, 'V', '2015-08-08 06:36:52', NULL, '2022-12-10 03:33:33', '2022-12-10 03:33:33'),
(116, 11, 49696, 'B', '2022-11-29 15:32:59', NULL, '2022-12-10 03:33:33', '2022-12-10 03:33:33'),
(117, 11, 72391, 'P', '2021-08-14 08:27:44', '2014-09-04 04:03:12', '2022-12-10 03:33:33', '2022-12-10 03:33:33'),
(118, 11, 23071, 'V', '2016-11-08 10:22:18', NULL, '2022-12-10 03:33:33', '2022-12-10 03:33:33'),
(119, 11, 86730, 'B', '2021-02-01 13:12:56', NULL, '2022-12-10 03:33:33', '2022-12-10 03:33:33'),
(120, 11, 47997, 'V', '2018-07-04 11:50:28', NULL, '2022-12-10 03:33:33', '2022-12-10 03:33:33'),
(121, 11, 40375, 'P', '2021-10-23 17:26:21', '2018-12-12 09:50:58', '2022-12-10 03:33:33', '2022-12-10 03:33:33'),
(122, 12, 47711, 'P', '2020-01-10 13:54:51', '2014-01-17 00:14:31', '2022-12-10 03:33:33', '2022-12-10 03:33:33'),
(123, 12, 75367, 'B', '2013-11-23 22:45:53', NULL, '2022-12-10 03:33:33', '2022-12-10 03:33:33'),
(124, 12, 57581, 'B', '2013-09-19 12:39:23', NULL, '2022-12-10 03:33:33', '2022-12-10 03:33:33'),
(125, 12, 79444, 'P', '2020-07-03 01:17:06', '2015-12-26 05:27:23', '2022-12-10 03:33:33', '2022-12-10 03:33:33'),
(126, 12, 63486, 'B', '2013-05-23 14:22:04', NULL, '2022-12-10 03:33:33', '2022-12-10 03:33:33'),
(127, 12, 89082, 'V', '2013-02-22 05:32:22', NULL, '2022-12-10 03:33:33', '2022-12-10 03:33:33'),
(128, 12, 27838, 'P', '2020-02-06 04:59:18', '2017-12-22 12:37:55', '2022-12-10 03:33:33', '2022-12-10 03:33:33'),
(129, 12, 55836, 'B', '2019-09-26 02:47:07', NULL, '2022-12-10 03:33:33', '2022-12-10 03:33:33'),
(130, 12, 94142, 'B', '2013-08-28 16:34:07', NULL, '2022-12-10 03:33:33', '2022-12-10 03:33:33'),
(131, 12, 95647, 'P', '2013-05-27 02:06:37', '2014-09-19 08:32:53', '2022-12-10 03:33:34', '2022-12-10 03:33:34'),
(132, 12, 73396, 'P', '2020-12-17 09:06:17', '2022-03-06 10:33:17', '2022-12-10 03:33:34', '2022-12-10 03:33:34'),
(133, 13, 10180, 'B', '2013-05-09 12:27:41', NULL, '2022-12-10 03:33:34', '2022-12-10 03:33:34'),
(134, 13, 64443, 'P', '2013-12-08 16:55:45', '2016-05-23 19:40:00', '2022-12-10 03:33:34', '2022-12-10 03:33:34'),
(135, 13, 16844, 'B', '2020-07-28 06:44:21', NULL, '2022-12-10 03:33:34', '2022-12-10 03:33:34'),
(136, 13, 69376, 'B', '2013-09-21 08:43:52', NULL, '2022-12-10 03:33:34', '2022-12-10 03:33:34'),
(137, 13, 21492, 'V', '2015-02-18 18:29:18', NULL, '2022-12-10 03:33:34', '2022-12-10 03:33:34'),
(138, 13, 86940, 'V', '2020-08-05 17:09:04', NULL, '2022-12-10 03:33:34', '2022-12-10 03:33:34'),
(139, 13, 58997, 'B', '2020-05-30 02:47:59', NULL, '2022-12-10 03:33:34', '2022-12-10 03:33:34'),
(140, 13, 40303, 'V', '2014-05-03 13:34:58', NULL, '2022-12-10 03:33:34', '2022-12-10 03:33:34'),
(141, 13, 25662, 'B', '2013-08-21 06:32:03', NULL, '2022-12-10 03:33:34', '2022-12-10 03:33:34'),
(142, 13, 34189, 'P', '2013-06-13 03:04:19', '2013-09-02 06:58:36', '2022-12-10 03:33:34', '2022-12-10 03:33:34'),
(143, 13, 54241, 'V', '2022-11-02 15:32:06', NULL, '2022-12-10 03:33:34', '2022-12-10 03:33:34'),
(144, 14, 37684, 'V', '2019-09-12 01:53:40', NULL, '2022-12-10 03:33:34', '2022-12-10 03:33:34'),
(145, 14, 72347, 'V', '2016-04-04 06:49:01', NULL, '2022-12-10 03:33:34', '2022-12-10 03:33:34'),
(146, 14, 68471, 'B', '2017-04-18 11:07:32', NULL, '2022-12-10 03:33:34', '2022-12-10 03:33:34'),
(147, 14, 60323, 'B', '2014-08-08 10:17:42', NULL, '2022-12-10 03:33:34', '2022-12-10 03:33:34'),
(148, 14, 75055, 'P', '2018-03-22 03:55:55', '2015-05-16 11:51:02', '2022-12-10 03:33:34', '2022-12-10 03:33:34'),
(149, 14, 97064, 'V', '2014-06-30 05:50:37', NULL, '2022-12-10 03:33:34', '2022-12-10 03:33:34'),
(150, 14, 53779, 'P', '2013-11-20 15:40:43', '2017-04-21 06:56:39', '2022-12-10 03:33:34', '2022-12-10 03:33:34'),
(151, 14, 73864, 'P', '2015-06-14 20:08:27', '2013-08-11 16:40:36', '2022-12-10 03:33:34', '2022-12-10 03:33:34'),
(152, 14, 77011, 'B', '2013-08-15 05:09:42', NULL, '2022-12-10 03:33:34', '2022-12-10 03:33:34'),
(153, 14, 50353, 'V', '2015-06-10 01:06:33', NULL, '2022-12-10 03:33:34', '2022-12-10 03:33:34'),
(154, 14, 10948, 'B', '2018-05-11 10:48:33', NULL, '2022-12-10 03:33:34', '2022-12-10 03:33:34'),
(155, 15, 78646, 'V', '2018-03-23 00:16:02', NULL, '2022-12-10 03:33:34', '2022-12-10 03:33:34'),
(156, 15, 22496, 'V', '2015-09-05 17:19:33', NULL, '2022-12-10 03:33:34', '2022-12-10 03:33:34'),
(157, 15, 8840, 'B', '2015-12-22 17:47:03', NULL, '2022-12-10 03:33:34', '2022-12-10 03:33:34'),
(158, 15, 35641, 'B', '2022-10-01 05:09:23', NULL, '2022-12-10 03:33:34', '2022-12-10 03:33:34'),
(159, 15, 52858, 'B', '2022-09-27 23:04:04', NULL, '2022-12-10 03:33:34', '2022-12-10 03:33:34'),
(160, 15, 94534, 'P', '2012-12-20 09:47:32', '2017-01-16 00:43:34', '2022-12-10 03:33:34', '2022-12-10 03:33:34'),
(161, 15, 88652, 'P', '2014-02-26 04:40:15', '2021-05-27 06:26:43', '2022-12-10 03:33:34', '2022-12-10 03:33:34'),
(162, 15, 35507, 'P', '2017-06-09 06:08:16', '2018-10-26 14:18:29', '2022-12-10 03:33:34', '2022-12-10 03:33:34'),
(163, 15, 29181, 'V', '2022-07-27 01:27:15', NULL, '2022-12-10 03:33:34', '2022-12-10 03:33:34'),
(164, 15, 1362, 'P', '2017-10-02 08:19:00', '2020-07-27 02:51:28', '2022-12-10 03:33:34', '2022-12-10 03:33:34'),
(165, 15, 78605, 'B', '2013-04-16 12:25:06', NULL, '2022-12-10 03:33:34', '2022-12-10 03:33:34'),
(166, 16, 45213, 'P', '2018-12-06 00:48:06', '2015-05-27 23:31:22', '2022-12-10 03:33:34', '2022-12-10 03:33:34'),
(167, 16, 73575, 'P', '2019-08-12 06:40:24', '2017-04-02 15:45:36', '2022-12-10 03:33:34', '2022-12-10 03:33:34'),
(168, 16, 3675, 'P', '2021-11-19 23:03:46', '2016-01-26 19:49:17', '2022-12-10 03:33:34', '2022-12-10 03:33:34'),
(169, 16, 46255, 'P', '2022-02-28 11:07:51', '2017-08-01 09:04:01', '2022-12-10 03:33:34', '2022-12-10 03:33:34'),
(170, 16, 64685, 'P', '2013-08-21 12:42:25', '2018-12-30 00:20:54', '2022-12-10 03:33:34', '2022-12-10 03:33:34'),
(171, 16, 5132, 'V', '2022-06-19 14:05:50', NULL, '2022-12-10 03:33:34', '2022-12-10 03:33:34'),
(172, 16, 35844, 'P', '2016-10-10 20:50:18', '2020-03-08 20:50:04', '2022-12-10 03:33:34', '2022-12-10 03:33:34'),
(173, 16, 52540, 'V', '2014-01-05 10:58:38', NULL, '2022-12-10 03:33:34', '2022-12-10 03:33:34'),
(174, 16, 15332, 'B', '2014-07-25 07:03:13', NULL, '2022-12-10 03:33:34', '2022-12-10 03:33:34'),
(175, 16, 77897, 'B', '2017-03-28 01:56:14', NULL, '2022-12-10 03:33:34', '2022-12-10 03:33:34'),
(176, 16, 72387, 'B', '2021-04-20 03:22:45', NULL, '2022-12-10 03:33:34', '2022-12-10 03:33:34'),
(177, 17, 82750, 'P', '2020-01-27 20:53:29', '2018-03-20 12:46:28', '2022-12-10 03:33:34', '2022-12-10 03:33:34'),
(178, 17, 44238, 'V', '2020-04-03 21:27:59', NULL, '2022-12-10 03:33:34', '2022-12-10 03:33:34'),
(179, 17, 82768, 'B', '2020-07-06 06:43:24', NULL, '2022-12-10 03:33:34', '2022-12-10 03:33:34'),
(180, 17, 64670, 'P', '2012-12-20 02:29:01', '2021-02-20 14:01:53', '2022-12-10 03:33:34', '2022-12-10 03:33:34'),
(181, 17, 23723, 'B', '2021-02-04 13:39:30', NULL, '2022-12-10 03:33:34', '2022-12-10 03:33:34'),
(182, 17, 388, 'V', '2018-11-09 10:19:59', NULL, '2022-12-10 03:33:34', '2022-12-10 03:33:34'),
(183, 17, 45623, 'B', '2016-01-13 21:28:33', NULL, '2022-12-10 03:33:34', '2022-12-10 03:33:34'),
(184, 17, 43101, 'B', '2018-07-01 21:33:54', NULL, '2022-12-10 03:33:34', '2022-12-10 03:33:34'),
(185, 17, 91937, 'B', '2015-05-08 03:01:23', NULL, '2022-12-10 03:33:34', '2022-12-10 03:33:34'),
(186, 17, 82594, 'B', '2018-06-15 17:15:55', NULL, '2022-12-10 03:33:34', '2022-12-10 03:33:34'),
(187, 17, 50772, 'P', '2013-03-19 20:00:35', '2013-07-25 03:03:57', '2022-12-10 03:33:34', '2022-12-10 03:33:34'),
(188, 18, 66063, 'V', '2022-09-11 19:38:50', NULL, '2022-12-10 03:33:34', '2022-12-10 03:33:34'),
(189, 18, 99553, 'P', '2022-10-17 16:38:12', '2021-09-09 05:21:13', '2022-12-10 03:33:34', '2022-12-10 03:33:34'),
(190, 18, 88273, 'V', '2015-12-11 18:11:34', NULL, '2022-12-10 03:33:34', '2022-12-10 03:33:34'),
(191, 18, 51498, 'B', '2013-07-11 08:58:04', NULL, '2022-12-10 03:33:34', '2022-12-10 03:33:34'),
(192, 18, 59442, 'V', '2021-03-04 20:15:08', NULL, '2022-12-10 03:33:34', '2022-12-10 03:33:34'),
(193, 18, 10504, 'V', '2022-11-30 21:53:23', NULL, '2022-12-10 03:33:34', '2022-12-10 03:33:34'),
(194, 18, 900, 'B', '2022-11-15 04:17:47', NULL, '2022-12-10 03:33:34', '2022-12-10 03:33:34'),
(195, 18, 9232, 'B', '2012-12-18 10:13:26', NULL, '2022-12-10 03:33:34', '2022-12-10 03:33:34'),
(196, 18, 71043, 'V', '2019-10-06 05:15:23', NULL, '2022-12-10 03:33:34', '2022-12-10 03:33:34'),
(197, 18, 16925, 'V', '2015-11-01 17:50:38', NULL, '2022-12-10 03:33:34', '2022-12-10 03:33:34'),
(198, 18, 83691, 'B', '2022-11-10 14:46:04', NULL, '2022-12-10 03:33:34', '2022-12-10 03:33:34'),
(199, 19, 21582, 'V', '2020-09-27 03:59:22', NULL, '2022-12-10 03:33:34', '2022-12-10 03:33:34'),
(200, 19, 31803, 'B', '2022-06-24 01:32:58', NULL, '2022-12-10 03:33:34', '2022-12-10 03:33:34'),
(201, 19, 91299, 'B', '2017-06-21 18:09:37', NULL, '2022-12-10 03:33:34', '2022-12-10 03:33:34'),
(202, 19, 48881, 'P', '2021-11-06 12:14:57', '2013-07-23 23:48:45', '2022-12-10 03:33:34', '2022-12-10 03:33:34'),
(203, 19, 26056, 'B', '2018-02-28 10:10:47', NULL, '2022-12-10 03:33:34', '2022-12-10 03:33:34'),
(204, 19, 83975, 'V', '2018-01-30 15:08:29', NULL, '2022-12-10 03:33:34', '2022-12-10 03:33:34'),
(205, 19, 55140, 'V', '2013-07-07 10:52:54', NULL, '2022-12-10 03:33:34', '2022-12-10 03:33:34'),
(206, 19, 44794, 'P', '2022-01-16 19:47:02', '2013-06-08 16:18:26', '2022-12-10 03:33:34', '2022-12-10 03:33:34'),
(207, 19, 48372, 'P', '2015-08-09 08:44:51', '2020-06-15 03:33:46', '2022-12-10 03:33:34', '2022-12-10 03:33:34'),
(208, 19, 68433, 'P', '2017-05-21 15:39:46', '2014-03-22 16:59:11', '2022-12-10 03:33:34', '2022-12-10 03:33:34'),
(209, 19, 75690, 'B', '2014-07-06 09:32:20', NULL, '2022-12-10 03:33:34', '2022-12-10 03:33:34'),
(210, 20, 69688, 'V', '2015-03-02 09:23:09', NULL, '2022-12-10 03:33:34', '2022-12-10 03:33:34'),
(211, 20, 28050, 'P', '2021-08-26 15:00:58', '2018-04-15 15:39:07', '2022-12-10 03:33:34', '2022-12-10 03:33:34'),
(212, 20, 64377, 'V', '2013-12-02 06:40:07', NULL, '2022-12-10 03:33:34', '2022-12-10 03:33:34'),
(213, 20, 89800, 'V', '2017-11-23 18:16:00', NULL, '2022-12-10 03:33:34', '2022-12-10 03:33:34'),
(214, 20, 20509, 'V', '2013-10-30 22:43:58', NULL, '2022-12-10 03:33:34', '2022-12-10 03:33:34'),
(215, 20, 98251, 'P', '2017-07-08 13:34:05', '2018-12-16 21:24:45', '2022-12-10 03:33:34', '2022-12-10 03:33:34'),
(216, 20, 30570, 'B', '2021-08-19 08:22:54', NULL, '2022-12-10 03:33:34', '2022-12-10 03:33:34'),
(217, 20, 16419, 'P', '2022-03-28 06:06:53', '2019-10-18 03:45:46', '2022-12-10 03:33:34', '2022-12-10 03:33:34'),
(218, 20, 81644, 'V', '2019-06-29 10:34:12', NULL, '2022-12-10 03:33:34', '2022-12-10 03:33:34'),
(219, 20, 34979, 'P', '2022-08-21 23:16:31', '2014-09-28 11:48:18', '2022-12-10 03:33:34', '2022-12-10 03:33:34'),
(220, 20, 43457, 'V', '2019-05-21 00:43:31', NULL, '2022-12-10 03:33:34', '2022-12-10 03:33:34'),
(221, 21, 22053, 'P', '2017-07-20 22:44:35', '2018-01-15 15:55:39', '2022-12-10 03:33:34', '2022-12-10 03:33:34'),
(222, 21, 56432, 'V', '2016-01-29 19:55:41', NULL, '2022-12-10 03:33:34', '2022-12-10 03:33:34'),
(223, 21, 84832, 'V', '2015-08-28 08:50:25', NULL, '2022-12-10 03:33:34', '2022-12-10 03:33:34'),
(224, 21, 57083, 'V', '2018-04-13 10:25:08', NULL, '2022-12-10 03:33:34', '2022-12-10 03:33:34'),
(225, 21, 2846, 'V', '2017-05-15 21:39:29', NULL, '2022-12-10 03:33:34', '2022-12-10 03:33:34'),
(226, 21, 79607, 'B', '2016-09-13 16:11:44', NULL, '2022-12-10 03:33:34', '2022-12-10 03:33:34'),
(227, 21, 85861, 'V', '2013-01-13 07:12:09', NULL, '2022-12-10 03:33:34', '2022-12-10 03:33:34'),
(228, 21, 46209, 'B', '2016-05-14 23:26:29', NULL, '2022-12-10 03:33:34', '2022-12-10 03:33:34'),
(229, 21, 39517, 'P', '2021-07-23 09:16:53', '2013-05-14 09:28:59', '2022-12-10 03:33:34', '2022-12-10 03:33:34'),
(230, 21, 72115, 'P', '2022-04-23 08:09:51', '2016-12-16 22:42:19', '2022-12-10 03:33:34', '2022-12-10 03:33:34'),
(231, 21, 97978, 'P', '2022-03-08 10:00:43', '2014-06-28 03:32:38', '2022-12-10 03:33:34', '2022-12-10 03:33:34'),
(232, 22, 93455, 'V', '2017-10-26 16:14:13', NULL, '2022-12-10 03:33:34', '2022-12-10 03:33:34'),
(233, 22, 57265, 'V', '2017-11-16 18:58:32', NULL, '2022-12-10 03:33:34', '2022-12-10 03:33:34'),
(234, 22, 59283, 'B', '2019-12-27 18:15:43', NULL, '2022-12-10 03:33:34', '2022-12-10 03:33:34'),
(235, 22, 22993, 'V', '2016-05-07 08:47:15', NULL, '2022-12-10 03:33:34', '2022-12-10 03:33:34'),
(236, 22, 99233, 'V', '2016-04-17 07:02:00', NULL, '2022-12-10 03:33:34', '2022-12-10 03:33:34'),
(237, 22, 36047, 'B', '2019-01-01 23:17:04', NULL, '2022-12-10 03:33:34', '2022-12-10 03:33:34'),
(238, 22, 94636, 'P', '2013-03-01 04:00:29', '2021-12-10 02:44:47', '2022-12-10 03:33:34', '2022-12-10 03:33:34'),
(239, 22, 30474, 'P', '2022-04-28 13:43:17', '2022-11-18 12:19:03', '2022-12-10 03:33:34', '2022-12-10 03:33:34'),
(240, 22, 84497, 'P', '2013-11-12 14:32:30', '2021-09-09 05:10:49', '2022-12-10 03:33:34', '2022-12-10 03:33:34'),
(241, 22, 83546, 'P', '2013-09-05 20:45:52', '2015-10-21 20:53:52', '2022-12-10 03:33:34', '2022-12-10 03:33:34'),
(242, 22, 21892, 'B', '2018-12-02 01:40:31', NULL, '2022-12-10 03:33:34', '2022-12-10 03:33:34'),
(243, 23, 36323, 'B', '2021-12-16 20:05:45', NULL, '2022-12-10 03:33:34', '2022-12-10 03:33:34'),
(244, 24, 96384, 'P', '2020-08-04 06:53:30', '2019-04-05 03:34:07', '2022-12-10 03:33:34', '2022-12-10 03:33:34'),
(245, 25, 25420, 'P', '2021-07-19 03:53:34', '2017-12-25 02:31:10', '2022-12-10 03:33:34', '2022-12-10 03:33:34'),
(246, 26, 4353, 'P', '2014-09-06 06:21:56', '2021-01-25 05:32:55', '2022-12-10 03:33:34', '2022-12-10 03:33:34'),
(247, 27, 87509, 'P', '2016-02-29 15:40:55', '2017-08-11 14:31:17', '2022-12-10 03:33:34', '2022-12-10 03:33:34'),
(248, 28, 39270, 'P', '2022-06-21 05:16:10', '2020-06-07 01:23:16', '2022-12-10 03:33:34', '2022-12-10 03:33:34'),
(249, 29, 77, 'B', '2022-02-06 03:24:46', NULL, '2022-12-10 03:33:34', '2022-12-10 03:33:34'),
(250, 30, 99477, 'P', '2014-04-21 23:33:46', '2016-01-29 01:13:32', '2022-12-10 03:33:34', '2022-12-10 03:33:34'),
(251, 31, 20006, 'P', '2013-08-20 15:26:03', '2018-04-23 11:24:17', '2022-12-10 03:33:34', '2022-12-10 03:33:34'),
(252, 32, 42552, 'P', '2014-01-12 13:20:21', '2020-11-25 18:43:16', '2022-12-10 03:33:34', '2022-12-10 03:33:34'),
(253, 33, 6082, 'B', '2016-03-18 18:16:44', NULL, '2022-12-10 03:33:34', '2022-12-10 03:33:34'),
(254, 34, 84213, 'V', '2016-02-18 13:23:08', NULL, '2022-12-10 03:33:34', '2022-12-10 03:33:34'),
(255, 35, 67394, 'V', '2016-04-20 18:13:40', NULL, '2022-12-10 03:33:34', '2022-12-10 03:33:34'),
(256, 35, 97016, 'V', '2014-08-05 00:30:28', NULL, '2022-12-10 03:33:34', '2022-12-10 03:33:34'),
(257, 35, 69332, 'B', '2015-01-19 20:01:48', NULL, '2022-12-10 03:33:34', '2022-12-10 03:33:34'),
(258, 35, 20964, 'B', '2019-11-28 09:28:18', NULL, '2022-12-10 03:33:34', '2022-12-10 03:33:34'),
(259, 35, 60974, 'B', '2013-01-30 16:26:49', NULL, '2022-12-10 03:33:34', '2022-12-10 03:33:34'),
(260, 35, 73096, 'V', '2018-09-11 15:37:03', NULL, '2022-12-10 03:33:34', '2022-12-10 03:33:34'),
(261, 35, 5341, 'P', '2021-07-16 17:46:08', '2021-12-04 13:00:52', '2022-12-10 03:33:34', '2022-12-10 03:33:34'),
(262, 35, 87055, 'P', '2013-09-04 23:02:02', '2016-06-11 10:14:29', '2022-12-10 03:33:34', '2022-12-10 03:33:34'),
(263, 35, 98688, 'B', '2018-07-25 22:02:44', NULL, '2022-12-10 03:33:34', '2022-12-10 03:33:34'),
(264, 35, 89323, 'B', '2022-02-23 12:16:04', NULL, '2022-12-10 03:33:34', '2022-12-10 03:33:34'),
(265, 35, 27769, 'B', '2022-02-04 23:08:56', NULL, '2022-12-10 03:33:34', '2022-12-10 03:33:34'),
(266, 35, 14540, 'B', '2014-07-18 18:08:32', NULL, '2022-12-10 03:33:34', '2022-12-10 03:33:34'),
(267, 35, 38330, 'V', '2016-10-18 16:01:28', NULL, '2022-12-10 03:33:34', '2022-12-10 03:33:34'),
(268, 35, 96085, 'V', '2014-04-14 02:28:11', NULL, '2022-12-10 03:33:34', '2022-12-10 03:33:34'),
(269, 35, 85387, 'P', '2013-04-09 18:10:42', '2019-04-17 11:39:51', '2022-12-10 03:33:34', '2022-12-10 03:33:34'),
(270, 35, 75456, 'B', '2013-12-18 21:00:46', NULL, '2022-12-10 03:33:34', '2022-12-10 03:33:34'),
(271, 35, 54637, 'V', '2021-02-15 20:52:11', NULL, '2022-12-10 03:33:34', '2022-12-10 03:33:34'),
(272, 35, 43133, 'B', '2020-08-27 22:22:19', NULL, '2022-12-10 03:33:34', '2022-12-10 03:33:34'),
(273, 35, 83497, 'V', '2018-10-10 06:19:12', NULL, '2022-12-10 03:33:34', '2022-12-10 03:33:34'),
(274, 35, 66773, 'B', '2019-07-22 17:28:41', NULL, '2022-12-10 03:33:34', '2022-12-10 03:33:34'),
(275, 35, 14331, 'B', '2016-05-15 16:37:09', NULL, '2022-12-10 03:33:34', '2022-12-10 03:33:34'),
(276, 35, 83865, 'V', '2022-06-19 10:44:06', NULL, '2022-12-10 03:33:34', '2022-12-10 03:33:34'),
(277, 36, 14969, 'V', '2019-09-14 21:48:06', NULL, '2022-12-10 03:33:34', '2022-12-10 03:33:34'),
(278, 36, 69985, 'B', '2019-02-06 00:49:33', NULL, '2022-12-10 03:33:34', '2022-12-10 03:33:34'),
(279, 36, 81650, 'P', '2020-08-02 21:03:25', '2014-11-01 00:02:43', '2022-12-10 03:33:34', '2022-12-10 03:33:34'),
(280, 36, 54018, 'V', '2018-06-07 06:04:01', NULL, '2022-12-10 03:33:34', '2022-12-10 03:33:34'),
(281, 36, 29082, 'V', '2022-09-19 14:34:36', NULL, '2022-12-10 03:33:34', '2022-12-10 03:33:34'),
(282, 36, 85506, 'V', '2020-02-07 01:41:17', NULL, '2022-12-10 03:33:34', '2022-12-10 03:33:34'),
(283, 36, 2596, 'P', '2020-04-01 04:37:05', '2019-02-06 16:57:15', '2022-12-10 03:33:34', '2022-12-10 03:33:34'),
(284, 36, 14693, 'B', '2015-04-02 03:02:32', NULL, '2022-12-10 03:33:34', '2022-12-10 03:33:34'),
(285, 36, 31041, 'V', '2015-05-09 13:05:35', NULL, '2022-12-10 03:33:34', '2022-12-10 03:33:34'),
(286, 36, 24391, 'P', '2013-12-14 11:04:06', '2022-08-10 23:23:11', '2022-12-10 03:33:34', '2022-12-10 03:33:34'),
(287, 36, 74702, 'P', '2013-07-16 11:42:14', '2017-11-28 06:29:50', '2022-12-10 03:33:34', '2022-12-10 03:33:34'),
(288, 36, 52122, 'B', '2015-04-05 10:38:19', NULL, '2022-12-10 03:33:34', '2022-12-10 03:33:34'),
(289, 36, 25575, 'V', '2021-01-05 16:04:12', NULL, '2022-12-10 03:33:34', '2022-12-10 03:33:34'),
(290, 36, 26774, 'P', '2017-12-21 14:39:47', '2013-07-03 10:54:13', '2022-12-10 03:33:34', '2022-12-10 03:33:34'),
(291, 36, 92163, 'V', '2014-02-15 02:12:34', NULL, '2022-12-10 03:33:34', '2022-12-10 03:33:34'),
(292, 36, 9450, 'B', '2020-10-05 20:00:19', NULL, '2022-12-10 03:33:34', '2022-12-10 03:33:34'),
(293, 36, 71644, 'V', '2016-10-01 22:08:22', NULL, '2022-12-10 03:33:34', '2022-12-10 03:33:34'),
(294, 36, 79692, 'B', '2016-12-28 11:53:07', NULL, '2022-12-10 03:33:34', '2022-12-10 03:33:34'),
(295, 36, 74351, 'P', '2015-05-20 09:12:41', '2017-09-21 10:48:26', '2022-12-10 03:33:34', '2022-12-10 03:33:34'),
(296, 36, 42599, 'B', '2012-12-23 19:31:20', NULL, '2022-12-10 03:33:34', '2022-12-10 03:33:34'),
(297, 36, 10710, 'V', '2016-09-23 13:54:10', NULL, '2022-12-10 03:33:34', '2022-12-10 03:33:34'),
(298, 36, 91469, 'P', '2021-12-28 22:19:19', '2022-02-05 03:59:01', '2022-12-10 03:33:34', '2022-12-10 03:33:34'),
(299, 37, 70654, 'V', '2019-11-18 21:02:15', NULL, '2022-12-10 03:33:34', '2022-12-10 03:33:34'),
(300, 37, 39362, 'P', '2020-08-22 18:38:04', '2016-07-05 04:46:04', '2022-12-10 03:33:34', '2022-12-10 03:33:34'),
(301, 37, 51244, 'V', '2018-07-05 20:56:53', NULL, '2022-12-10 03:33:34', '2022-12-10 03:33:34'),
(302, 37, 15850, 'B', '2012-12-23 04:12:38', NULL, '2022-12-10 03:33:34', '2022-12-10 03:33:34'),
(303, 37, 88780, 'P', '2017-07-13 01:30:33', '2014-11-01 19:40:50', '2022-12-10 03:33:34', '2022-12-10 03:33:34'),
(304, 37, 89665, 'P', '2018-06-19 01:56:11', '2020-07-31 15:27:59', '2022-12-10 03:33:34', '2022-12-10 03:33:34'),
(305, 37, 57090, 'B', '2019-05-23 22:14:00', NULL, '2022-12-10 03:33:34', '2022-12-10 03:33:34'),
(306, 37, 73486, 'B', '2013-03-07 16:28:05', NULL, '2022-12-10 03:33:34', '2022-12-10 03:33:34'),
(307, 37, 67124, 'B', '2022-06-09 14:37:53', NULL, '2022-12-10 03:33:34', '2022-12-10 03:33:34'),
(308, 37, 87191, 'B', '2019-02-07 09:17:43', NULL, '2022-12-10 03:33:34', '2022-12-10 03:33:34'),
(309, 37, 22071, 'P', '2014-07-29 17:30:25', '2015-06-19 06:26:42', '2022-12-10 03:33:34', '2022-12-10 03:33:34'),
(310, 37, 18795, 'P', '2014-05-09 22:03:48', '2022-12-03 16:51:07', '2022-12-10 03:33:34', '2022-12-10 03:33:34'),
(311, 37, 87459, 'P', '2015-06-11 18:55:15', '2022-09-07 12:28:00', '2022-12-10 03:33:34', '2022-12-10 03:33:34'),
(312, 37, 66140, 'V', '2019-07-15 00:17:37', NULL, '2022-12-10 03:33:34', '2022-12-10 03:33:34'),
(313, 37, 18992, 'B', '2015-01-30 14:06:56', NULL, '2022-12-10 03:33:34', '2022-12-10 03:33:34'),
(314, 37, 26471, 'P', '2015-02-15 00:41:28', '2017-10-01 08:21:31', '2022-12-10 03:33:34', '2022-12-10 03:33:34'),
(315, 37, 22221, 'B', '2019-05-22 02:20:20', NULL, '2022-12-10 03:33:34', '2022-12-10 03:33:34'),
(316, 37, 11002, 'V', '2016-11-25 07:23:36', NULL, '2022-12-10 03:33:34', '2022-12-10 03:33:34'),
(317, 37, 1324, 'B', '2018-09-27 22:28:15', NULL, '2022-12-10 03:33:34', '2022-12-10 03:33:34'),
(318, 37, 95915, 'V', '2017-01-24 09:39:37', NULL, '2022-12-10 03:33:34', '2022-12-10 03:33:34'),
(319, 37, 23162, 'B', '2019-07-17 12:03:55', NULL, '2022-12-10 03:33:34', '2022-12-10 03:33:34'),
(320, 37, 18507, 'V', '2018-10-16 20:37:55', NULL, '2022-12-10 03:33:34', '2022-12-10 03:33:34'),
(321, 38, 79311, 'V', '2017-07-21 13:14:14', NULL, '2022-12-10 03:33:34', '2022-12-10 03:33:34'),
(322, 38, 91958, 'V', '2017-11-09 19:06:17', NULL, '2022-12-10 03:33:34', '2022-12-10 03:33:34'),
(323, 38, 61809, 'V', '2013-08-30 17:09:09', NULL, '2022-12-10 03:33:34', '2022-12-10 03:33:34'),
(324, 38, 30570, 'V', '2018-02-02 17:39:56', NULL, '2022-12-10 03:33:34', '2022-12-10 03:33:34'),
(325, 38, 63179, 'V', '2018-05-13 22:54:14', NULL, '2022-12-10 03:33:34', '2022-12-10 03:33:34'),
(326, 38, 99571, 'B', '2020-12-19 13:28:07', NULL, '2022-12-10 03:33:34', '2022-12-10 03:33:34'),
(327, 38, 85477, 'B', '2018-10-12 04:16:44', NULL, '2022-12-10 03:33:34', '2022-12-10 03:33:34'),
(328, 38, 75274, 'V', '2013-11-26 11:50:01', NULL, '2022-12-10 03:33:34', '2022-12-10 03:33:34'),
(329, 38, 77129, 'B', '2018-10-03 05:59:31', NULL, '2022-12-10 03:33:34', '2022-12-10 03:33:34'),
(330, 38, 22901, 'P', '2017-11-08 03:51:17', '2014-10-08 13:20:42', '2022-12-10 03:33:34', '2022-12-10 03:33:34'),
(331, 38, 48170, 'B', '2021-12-27 15:32:49', NULL, '2022-12-10 03:33:34', '2022-12-10 03:33:34'),
(332, 38, 549, 'B', '2015-02-22 06:03:28', NULL, '2022-12-10 03:33:34', '2022-12-10 03:33:34'),
(333, 38, 38487, 'P', '2018-07-08 04:50:55', '2014-04-19 03:13:04', '2022-12-10 03:33:34', '2022-12-10 03:33:34'),
(334, 38, 81426, 'P', '2016-09-07 10:40:29', '2016-10-15 23:48:13', '2022-12-10 03:33:34', '2022-12-10 03:33:34'),
(335, 38, 69740, 'V', '2022-10-23 20:40:09', NULL, '2022-12-10 03:33:34', '2022-12-10 03:33:34'),
(336, 38, 30441, 'B', '2019-09-08 21:22:51', NULL, '2022-12-10 03:33:34', '2022-12-10 03:33:34'),
(337, 38, 91718, 'V', '2015-02-22 18:56:58', NULL, '2022-12-10 03:33:34', '2022-12-10 03:33:34'),
(338, 38, 78517, 'B', '2016-05-16 04:36:25', NULL, '2022-12-10 03:33:34', '2022-12-10 03:33:34'),
(339, 38, 74574, 'P', '2016-07-21 00:57:52', '2018-06-20 14:40:06', '2022-12-10 03:33:34', '2022-12-10 03:33:34'),
(340, 38, 1165, 'P', '2018-12-14 19:09:26', '2018-12-28 04:23:06', '2022-12-10 03:33:34', '2022-12-10 03:33:34'),
(341, 38, 47826, 'V', '2020-04-04 18:05:22', NULL, '2022-12-10 03:33:34', '2022-12-10 03:33:34'),
(342, 38, 64965, 'B', '2015-02-19 17:42:31', NULL, '2022-12-10 03:33:34', '2022-12-10 03:33:34'),
(343, 39, 5830, 'P', '2019-05-07 02:54:34', '2022-02-12 23:23:05', '2022-12-10 03:33:34', '2022-12-10 03:33:34'),
(344, 39, 95694, 'B', '2017-05-05 03:40:24', NULL, '2022-12-10 03:33:34', '2022-12-10 03:33:34'),
(345, 39, 46052, 'V', '2022-06-04 01:35:20', NULL, '2022-12-10 03:33:34', '2022-12-10 03:33:34'),
(346, 39, 86508, 'V', '2020-03-28 11:01:24', NULL, '2022-12-10 03:33:34', '2022-12-10 03:33:34'),
(347, 39, 14102, 'B', '2018-09-16 03:36:14', NULL, '2022-12-10 03:33:34', '2022-12-10 03:33:34'),
(348, 39, 58791, 'B', '2015-09-13 17:00:13', NULL, '2022-12-10 03:33:34', '2022-12-10 03:33:34'),
(349, 39, 24218, 'V', '2018-10-15 18:26:19', NULL, '2022-12-10 03:33:34', '2022-12-10 03:33:34'),
(350, 39, 29816, 'V', '2017-07-18 02:29:09', NULL, '2022-12-10 03:33:34', '2022-12-10 03:33:34'),
(351, 39, 79208, 'B', '2018-05-03 04:26:29', NULL, '2022-12-10 03:33:34', '2022-12-10 03:33:34'),
(352, 39, 98876, 'B', '2014-12-06 02:24:43', NULL, '2022-12-10 03:33:34', '2022-12-10 03:33:34'),
(353, 39, 41781, 'B', '2021-02-05 05:54:51', NULL, '2022-12-10 03:33:34', '2022-12-10 03:33:34'),
(354, 39, 2491, 'B', '2019-09-06 07:36:18', NULL, '2022-12-10 03:33:34', '2022-12-10 03:33:34'),
(355, 39, 16411, 'P', '2017-07-21 02:39:48', '2021-11-22 11:16:34', '2022-12-10 03:33:34', '2022-12-10 03:33:34'),
(356, 39, 95063, 'V', '2022-05-09 04:23:14', NULL, '2022-12-10 03:33:34', '2022-12-10 03:33:34'),
(357, 39, 22141, 'B', '2013-10-10 04:09:05', NULL, '2022-12-10 03:33:34', '2022-12-10 03:33:34'),
(358, 39, 65907, 'B', '2022-03-17 18:57:11', NULL, '2022-12-10 03:33:34', '2022-12-10 03:33:34'),
(359, 39, 48160, 'V', '2022-05-26 02:34:00', NULL, '2022-12-10 03:33:34', '2022-12-10 03:33:34'),
(360, 39, 26754, 'B', '2016-02-21 09:36:38', NULL, '2022-12-10 03:33:34', '2022-12-10 03:33:34'),
(361, 39, 16325, 'P', '2013-03-15 08:49:00', '2021-11-04 22:41:39', '2022-12-10 03:33:34', '2022-12-10 03:33:34'),
(362, 39, 37156, 'B', '2022-05-08 07:54:43', NULL, '2022-12-10 03:33:34', '2022-12-10 03:33:34'),
(363, 39, 70393, 'P', '2017-03-27 23:28:54', '2013-02-17 00:12:11', '2022-12-10 03:33:34', '2022-12-10 03:33:34'),
(364, 39, 80931, 'P', '2016-03-02 13:19:06', '2019-06-20 21:30:42', '2022-12-10 03:33:34', '2022-12-10 03:33:34'),
(365, 40, 88157, 'V', '2021-01-24 21:44:10', NULL, '2022-12-10 03:33:34', '2022-12-10 03:33:34'),
(366, 40, 28106, 'V', '2013-07-26 04:06:30', NULL, '2022-12-10 03:33:34', '2022-12-10 03:33:34'),
(367, 40, 43853, 'B', '2017-03-04 13:22:14', NULL, '2022-12-10 03:33:34', '2022-12-10 03:33:34'),
(368, 40, 93706, 'B', '2015-11-16 12:29:45', NULL, '2022-12-10 03:33:34', '2022-12-10 03:33:34'),
(369, 40, 74449, 'B', '2014-08-11 08:33:18', NULL, '2022-12-10 03:33:34', '2022-12-10 03:33:34'),
(370, 40, 91944, 'V', '2013-05-16 19:02:46', NULL, '2022-12-10 03:33:34', '2022-12-10 03:33:34'),
(371, 40, 52009, 'P', '2018-09-16 01:13:55', '2015-10-13 15:45:15', '2022-12-10 03:33:34', '2022-12-10 03:33:34'),
(372, 40, 34016, 'P', '2017-05-04 09:53:11', '2021-12-29 06:34:04', '2022-12-10 03:33:34', '2022-12-10 03:33:34'),
(373, 40, 21649, 'P', '2016-11-02 09:23:57', '2015-05-05 19:19:37', '2022-12-10 03:33:34', '2022-12-10 03:33:34'),
(374, 40, 14534, 'V', '2014-10-18 00:38:56', NULL, '2022-12-10 03:33:34', '2022-12-10 03:33:34'),
(375, 40, 35379, 'P', '2015-02-11 09:43:06', '2014-09-01 04:29:24', '2022-12-10 03:33:34', '2022-12-10 03:33:34'),
(376, 40, 45148, 'V', '2021-04-21 22:17:59', NULL, '2022-12-10 03:33:34', '2022-12-10 03:33:34'),
(377, 40, 30687, 'P', '2013-12-20 03:28:58', '2020-04-08 07:37:55', '2022-12-10 03:33:34', '2022-12-10 03:33:34'),
(378, 40, 15075, 'V', '2015-06-23 11:28:15', NULL, '2022-12-10 03:33:34', '2022-12-10 03:33:34'),
(379, 40, 19672, 'V', '2015-09-05 12:53:12', NULL, '2022-12-10 03:33:34', '2022-12-10 03:33:34'),
(380, 40, 27514, 'V', '2014-02-13 00:05:30', NULL, '2022-12-10 03:33:34', '2022-12-10 03:33:34'),
(381, 40, 3911, 'P', '2019-10-25 04:28:28', '2021-06-13 18:41:51', '2022-12-10 03:33:34', '2022-12-10 03:33:34'),
(382, 40, 13076, 'P', '2014-01-09 19:24:32', '2020-03-25 15:17:35', '2022-12-10 03:33:34', '2022-12-10 03:33:34'),
(383, 40, 30730, 'V', '2017-09-04 13:12:02', NULL, '2022-12-10 03:33:34', '2022-12-10 03:33:34'),
(384, 40, 21584, 'P', '2013-09-19 13:11:48', '2014-08-20 11:45:50', '2022-12-10 03:33:34', '2022-12-10 03:33:34'),
(385, 40, 41589, 'P', '2016-03-17 01:14:08', '2019-06-15 22:29:42', '2022-12-10 03:33:34', '2022-12-10 03:33:34'),
(386, 40, 57161, 'B', '2021-01-06 12:29:51', NULL, '2022-12-10 03:33:34', '2022-12-10 03:33:34'),
(387, 41, 51978, 'V', '2016-04-12 22:02:56', NULL, '2022-12-10 03:33:34', '2022-12-10 03:33:34'),
(388, 41, 57731, 'V', '2020-10-22 14:18:10', NULL, '2022-12-10 03:33:34', '2022-12-10 03:33:34'),
(389, 41, 48533, 'V', '2022-02-01 02:41:22', NULL, '2022-12-10 03:33:34', '2022-12-10 03:33:34'),
(390, 41, 2582, 'P', '2017-11-21 23:37:50', '2015-09-04 20:41:50', '2022-12-10 03:33:34', '2022-12-10 03:33:34'),
(391, 41, 28433, 'B', '2014-04-30 18:17:34', NULL, '2022-12-10 03:33:34', '2022-12-10 03:33:34'),
(392, 41, 85420, 'B', '2014-08-24 10:12:10', NULL, '2022-12-10 03:33:34', '2022-12-10 03:33:34'),
(393, 41, 83663, 'V', '2020-09-15 07:58:39', NULL, '2022-12-10 03:33:34', '2022-12-10 03:33:34'),
(394, 41, 83698, 'P', '2021-01-28 20:49:09', '2017-05-30 05:28:40', '2022-12-10 03:33:34', '2022-12-10 03:33:34'),
(395, 41, 37883, 'B', '2014-05-31 22:08:30', NULL, '2022-12-10 03:33:34', '2022-12-10 03:33:34'),
(396, 41, 12299, 'V', '2021-05-02 08:00:28', NULL, '2022-12-10 03:33:34', '2022-12-10 03:33:34'),
(397, 41, 90908, 'V', '2016-02-09 20:43:51', NULL, '2022-12-10 03:33:34', '2022-12-10 03:33:34'),
(398, 41, 89495, 'V', '2022-04-02 18:59:47', NULL, '2022-12-10 03:33:34', '2022-12-10 03:33:34'),
(399, 41, 49645, 'P', '2020-07-08 12:00:40', '2015-04-17 01:20:29', '2022-12-10 03:33:34', '2022-12-10 03:33:34'),
(400, 41, 51, 'B', '2014-06-26 07:00:23', NULL, '2022-12-10 03:33:34', '2022-12-10 03:33:34'),
(401, 41, 70903, 'P', '2013-10-07 17:18:10', '2015-02-05 22:35:20', '2022-12-10 03:33:34', '2022-12-10 03:33:34'),
(402, 41, 29749, 'V', '2018-06-20 13:14:16', NULL, '2022-12-10 03:33:34', '2022-12-10 03:33:34'),
(403, 41, 87853, 'V', '2013-04-01 15:55:51', NULL, '2022-12-10 03:33:34', '2022-12-10 03:33:34'),
(404, 41, 53606, 'P', '2016-12-03 23:36:14', '2019-07-25 12:53:00', '2022-12-10 03:33:34', '2022-12-10 03:33:34'),
(405, 41, 45202, 'P', '2018-10-05 13:07:29', '2019-09-12 18:11:03', '2022-12-10 03:33:34', '2022-12-10 03:33:34'),
(406, 41, 97915, 'P', '2017-12-07 04:12:27', '2021-11-09 01:42:46', '2022-12-10 03:33:34', '2022-12-10 03:33:34'),
(407, 41, 12227, 'V', '2022-03-06 06:47:19', NULL, '2022-12-10 03:33:34', '2022-12-10 03:33:34'),
(408, 41, 5846, 'B', '2019-04-05 15:36:58', NULL, '2022-12-10 03:33:34', '2022-12-10 03:33:34'),
(409, 42, 76374, 'B', '2016-01-14 01:47:13', NULL, '2022-12-10 03:33:34', '2022-12-10 03:33:34'),
(410, 42, 84191, 'V', '2018-12-16 21:59:26', NULL, '2022-12-10 03:33:34', '2022-12-10 03:33:34'),
(411, 42, 50152, 'V', '2017-08-02 22:18:30', NULL, '2022-12-10 03:33:34', '2022-12-10 03:33:34'),
(412, 42, 57421, 'B', '2013-08-07 02:34:44', NULL, '2022-12-10 03:33:34', '2022-12-10 03:33:34'),
(413, 42, 16031, 'P', '2018-11-06 22:51:29', '2018-04-07 17:53:30', '2022-12-10 03:33:34', '2022-12-10 03:33:34'),
(414, 42, 96637, 'P', '2021-04-07 07:35:20', '2018-07-29 09:06:26', '2022-12-10 03:33:34', '2022-12-10 03:33:34'),
(415, 42, 13663, 'P', '2019-08-10 11:43:38', '2019-01-15 02:39:51', '2022-12-10 03:33:34', '2022-12-10 03:33:34'),
(416, 42, 24868, 'B', '2019-03-23 15:47:34', NULL, '2022-12-10 03:33:34', '2022-12-10 03:33:34'),
(417, 42, 28260, 'B', '2013-05-29 10:08:30', NULL, '2022-12-10 03:33:34', '2022-12-10 03:33:34'),
(418, 42, 29234, 'P', '2013-05-02 04:07:35', '2021-05-30 09:00:52', '2022-12-10 03:33:34', '2022-12-10 03:33:34'),
(419, 42, 31444, 'B', '2016-04-28 01:39:36', NULL, '2022-12-10 03:33:34', '2022-12-10 03:33:34'),
(420, 42, 85902, 'P', '2018-08-20 13:34:01', '2017-09-09 03:13:31', '2022-12-10 03:33:34', '2022-12-10 03:33:34'),
(421, 42, 63569, 'V', '2017-03-03 18:12:07', NULL, '2022-12-10 03:33:34', '2022-12-10 03:33:34'),
(422, 42, 87916, 'P', '2017-07-12 13:11:37', '2016-03-12 03:28:47', '2022-12-10 03:33:34', '2022-12-10 03:33:34'),
(423, 42, 53691, 'B', '2020-05-26 09:53:44', NULL, '2022-12-10 03:33:34', '2022-12-10 03:33:34'),
(424, 42, 68054, 'V', '2022-06-16 01:41:12', NULL, '2022-12-10 03:33:34', '2022-12-10 03:33:34'),
(425, 42, 45067, 'P', '2013-09-27 10:47:07', '2014-03-22 10:52:00', '2022-12-10 03:33:34', '2022-12-10 03:33:34'),
(426, 42, 52396, 'B', '2014-07-26 08:05:09', NULL, '2022-12-10 03:33:34', '2022-12-10 03:33:34'),
(427, 42, 92377, 'V', '2021-07-07 01:31:26', NULL, '2022-12-10 03:33:34', '2022-12-10 03:33:34'),
(428, 42, 13542, 'B', '2021-07-04 23:29:28', NULL, '2022-12-10 03:33:34', '2022-12-10 03:33:34'),
(429, 42, 69015, 'P', '2015-11-05 17:34:56', '2018-09-09 13:08:02', '2022-12-10 03:33:34', '2022-12-10 03:33:34'),
(430, 42, 79571, 'P', '2018-04-06 09:49:33', '2017-02-01 17:39:28', '2022-12-10 03:33:34', '2022-12-10 03:33:34'),
(431, 43, 79174, 'B', '2017-08-07 01:27:41', NULL, '2022-12-10 03:33:34', '2022-12-10 03:33:34'),
(432, 43, 63848, 'V', '2015-08-20 20:14:40', NULL, '2022-12-10 03:33:34', '2022-12-10 03:33:34'),
(433, 43, 24727, 'P', '2013-01-31 14:57:53', '2019-03-04 00:08:44', '2022-12-10 03:33:34', '2022-12-10 03:33:34'),
(434, 43, 98997, 'B', '2014-07-24 17:39:19', NULL, '2022-12-10 03:33:34', '2022-12-10 03:33:34'),
(435, 43, 9073, 'B', '2019-06-10 20:25:18', NULL, '2022-12-10 03:33:34', '2022-12-10 03:33:34'),
(436, 43, 92501, 'B', '2017-10-04 09:36:26', NULL, '2022-12-10 03:33:34', '2022-12-10 03:33:34'),
(437, 43, 94473, 'P', '2016-05-26 09:11:52', '2013-08-19 02:44:55', '2022-12-10 03:33:34', '2022-12-10 03:33:34'),
(438, 43, 81991, 'V', '2020-09-30 01:35:24', NULL, '2022-12-10 03:33:34', '2022-12-10 03:33:34'),
(439, 43, 93727, 'P', '2017-09-23 10:34:11', '2019-05-30 16:55:01', '2022-12-10 03:33:34', '2022-12-10 03:33:34'),
(440, 43, 42229, 'P', '2014-01-13 16:25:59', '2016-04-27 22:18:45', '2022-12-10 03:33:34', '2022-12-10 03:33:34'),
(441, 43, 3357, 'P', '2018-03-07 17:43:47', '2014-08-30 19:18:35', '2022-12-10 03:33:34', '2022-12-10 03:33:34'),
(442, 43, 874, 'B', '2018-03-22 23:31:12', NULL, '2022-12-10 03:33:34', '2022-12-10 03:33:34'),
(443, 43, 39013, 'P', '2016-11-15 23:09:37', '2013-09-06 19:20:28', '2022-12-10 03:33:34', '2022-12-10 03:33:34'),
(444, 43, 35139, 'B', '2019-04-24 05:08:30', NULL, '2022-12-10 03:33:34', '2022-12-10 03:33:34'),
(445, 43, 35582, 'P', '2021-01-31 13:22:27', '2018-11-20 06:04:09', '2022-12-10 03:33:34', '2022-12-10 03:33:34'),
(446, 43, 37637, 'V', '2014-08-16 07:20:39', NULL, '2022-12-10 03:33:34', '2022-12-10 03:33:34'),
(447, 43, 23443, 'B', '2021-06-13 03:24:49', NULL, '2022-12-10 03:33:34', '2022-12-10 03:33:34'),
(448, 43, 67459, 'P', '2013-09-18 02:47:09', '2014-06-03 07:07:22', '2022-12-10 03:33:34', '2022-12-10 03:33:34'),
(449, 43, 93766, 'V', '2015-04-22 04:19:27', NULL, '2022-12-10 03:33:34', '2022-12-10 03:33:34'),
(450, 43, 59152, 'B', '2016-03-26 04:24:05', NULL, '2022-12-10 03:33:34', '2022-12-10 03:33:34'),
(451, 43, 66584, 'V', '2019-01-22 05:36:01', NULL, '2022-12-10 03:33:34', '2022-12-10 03:33:34'),
(452, 43, 65872, 'P', '2017-11-23 22:12:33', '2019-02-14 22:19:43', '2022-12-10 03:33:34', '2022-12-10 03:33:34'),
(453, 44, 77090, 'B', '2016-07-10 03:14:16', NULL, '2022-12-10 03:33:34', '2022-12-10 03:33:34'),
(454, 44, 92673, 'B', '2021-02-01 06:00:12', NULL, '2022-12-10 03:33:34', '2022-12-10 03:33:34'),
(455, 44, 24516, 'B', '2016-04-05 02:50:37', NULL, '2022-12-10 03:33:34', '2022-12-10 03:33:34'),
(456, 44, 71382, 'B', '2013-06-28 10:16:33', NULL, '2022-12-10 03:33:34', '2022-12-10 03:33:34'),
(457, 44, 31943, 'P', '2019-01-31 07:11:00', '2013-08-15 00:18:19', '2022-12-10 03:33:34', '2022-12-10 03:33:34'),
(458, 44, 85233, 'V', '2018-10-29 16:38:07', NULL, '2022-12-10 03:33:34', '2022-12-10 03:33:34'),
(459, 44, 2355, 'B', '2014-06-11 10:54:07', NULL, '2022-12-10 03:33:34', '2022-12-10 03:33:34'),
(460, 44, 83930, 'P', '2015-10-28 13:27:00', '2014-05-31 13:40:40', '2022-12-10 03:33:34', '2022-12-10 03:33:34'),
(461, 44, 84161, 'B', '2017-12-05 01:05:47', NULL, '2022-12-10 03:33:34', '2022-12-10 03:33:34'),
(462, 44, 82001, 'V', '2021-03-18 13:37:41', NULL, '2022-12-10 03:33:34', '2022-12-10 03:33:34'),
(463, 44, 53858, 'V', '2016-07-29 07:03:12', NULL, '2022-12-10 03:33:34', '2022-12-10 03:33:34'),
(464, 44, 50317, 'V', '2021-08-31 14:54:02', NULL, '2022-12-10 03:33:34', '2022-12-10 03:33:34'),
(465, 44, 42082, 'B', '2014-05-22 18:33:19', NULL, '2022-12-10 03:33:34', '2022-12-10 03:33:34'),
(466, 44, 1721, 'V', '2013-02-20 15:31:00', NULL, '2022-12-10 03:33:34', '2022-12-10 03:33:34'),
(467, 44, 61803, 'P', '2020-12-22 14:30:55', '2021-06-07 18:21:13', '2022-12-10 03:33:34', '2022-12-10 03:33:34'),
(468, 44, 77571, 'B', '2022-09-04 05:56:28', NULL, '2022-12-10 03:33:34', '2022-12-10 03:33:34'),
(469, 44, 79826, 'V', '2020-01-12 06:18:21', NULL, '2022-12-10 03:33:34', '2022-12-10 03:33:34'),
(470, 44, 37811, 'B', '2015-03-27 19:36:22', NULL, '2022-12-10 03:33:34', '2022-12-10 03:33:34'),
(471, 44, 56532, 'V', '2021-09-16 01:38:38', NULL, '2022-12-10 03:33:34', '2022-12-10 03:33:34'),
(472, 44, 25327, 'P', '2015-06-16 22:18:38', '2020-11-20 23:47:59', '2022-12-10 03:33:34', '2022-12-10 03:33:34'),
(473, 44, 90978, 'V', '2022-06-14 20:59:33', NULL, '2022-12-10 03:33:34', '2022-12-10 03:33:34'),
(474, 44, 33342, 'B', '2020-12-02 14:31:12', NULL, '2022-12-10 03:33:34', '2022-12-10 03:33:34'),
(475, 45, 26275, 'V', '2013-07-17 17:42:11', NULL, '2022-12-10 03:33:34', '2022-12-10 03:33:34'),
(476, 45, 66888, 'P', '2022-08-20 05:14:08', '2022-01-06 07:54:58', '2022-12-10 03:33:34', '2022-12-10 03:33:34'),
(477, 45, 67992, 'P', '2014-02-21 00:38:00', '2013-12-08 02:24:16', '2022-12-10 03:33:34', '2022-12-10 03:33:34'),
(478, 45, 728, 'V', '2018-02-04 09:45:55', NULL, '2022-12-10 03:33:34', '2022-12-10 03:33:34'),
(479, 45, 67381, 'P', '2017-10-15 00:39:12', '2019-01-21 09:44:00', '2022-12-10 03:33:34', '2022-12-10 03:33:34'),
(480, 45, 25120, 'V', '2019-10-05 13:12:40', NULL, '2022-12-10 03:33:34', '2022-12-10 03:33:34'),
(481, 45, 29828, 'B', '2018-05-11 04:39:58', NULL, '2022-12-10 03:33:34', '2022-12-10 03:33:34'),
(482, 45, 22896, 'V', '2016-05-26 07:02:45', NULL, '2022-12-10 03:33:34', '2022-12-10 03:33:34'),
(483, 45, 97358, 'P', '2019-08-03 11:26:38', '2021-07-21 16:25:32', '2022-12-10 03:33:34', '2022-12-10 03:33:34'),
(484, 45, 20971, 'P', '2015-12-19 18:07:56', '2015-06-04 21:08:00', '2022-12-10 03:33:34', '2022-12-10 03:33:34'),
(485, 45, 54905, 'P', '2014-07-28 08:59:47', '2013-12-16 09:29:32', '2022-12-10 03:33:34', '2022-12-10 03:33:34'),
(486, 45, 57859, 'B', '2020-02-03 06:57:57', NULL, '2022-12-10 03:33:34', '2022-12-10 03:33:34'),
(487, 45, 33649, 'B', '2016-08-10 19:08:13', NULL, '2022-12-10 03:33:34', '2022-12-10 03:33:34'),
(488, 45, 97356, 'B', '2018-03-02 09:04:20', NULL, '2022-12-10 03:33:34', '2022-12-10 03:33:34'),
(489, 45, 62755, 'V', '2018-03-13 18:07:16', NULL, '2022-12-10 03:33:34', '2022-12-10 03:33:34'),
(490, 45, 5353, 'V', '2014-06-02 12:40:52', NULL, '2022-12-10 03:33:34', '2022-12-10 03:33:34'),
(491, 45, 82155, 'B', '2014-12-07 04:00:26', NULL, '2022-12-10 03:33:34', '2022-12-10 03:33:34'),
(492, 45, 19492, 'V', '2019-05-14 14:01:01', NULL, '2022-12-10 03:33:34', '2022-12-10 03:33:34'),
(493, 45, 92420, 'V', '2018-12-05 17:58:07', NULL, '2022-12-10 03:33:34', '2022-12-10 03:33:34'),
(494, 45, 42841, 'V', '2013-01-07 04:51:34', NULL, '2022-12-10 03:33:34', '2022-12-10 03:33:34'),
(495, 45, 3259, 'P', '2021-07-21 04:36:10', '2020-01-25 00:27:46', '2022-12-10 03:33:34', '2022-12-10 03:33:34');
INSERT INTO `invoices` (`id`, `customer_id`, `amount`, `status`, `billed_date`, `paid_date`, `created_at`, `updated_at`) VALUES
(496, 45, 48008, 'P', '2017-07-21 04:54:54', '2016-08-10 13:53:11', '2022-12-10 03:33:34', '2022-12-10 03:33:34'),
(497, 46, 17760, 'V', '2016-04-09 03:09:41', NULL, '2022-12-10 03:33:34', '2022-12-10 03:33:34'),
(498, 46, 74930, 'V', '2021-01-09 10:01:29', NULL, '2022-12-10 03:33:34', '2022-12-10 03:33:34'),
(499, 46, 44081, 'P', '2014-02-19 15:34:51', '2015-05-17 20:12:13', '2022-12-10 03:33:34', '2022-12-10 03:33:34'),
(500, 46, 861, 'V', '2020-11-19 00:46:19', NULL, '2022-12-10 03:33:34', '2022-12-10 03:33:34'),
(501, 46, 44052, 'P', '2021-03-21 04:07:33', '2013-06-19 15:34:34', '2022-12-10 03:33:34', '2022-12-10 03:33:34'),
(502, 46, 43764, 'B', '2017-10-20 07:09:46', NULL, '2022-12-10 03:33:34', '2022-12-10 03:33:34'),
(503, 46, 7846, 'V', '2014-04-27 09:13:53', NULL, '2022-12-10 03:33:34', '2022-12-10 03:33:34'),
(504, 46, 62020, 'P', '2017-11-08 13:19:26', '2013-01-24 01:33:13', '2022-12-10 03:33:34', '2022-12-10 03:33:34'),
(505, 46, 53151, 'B', '2014-02-17 01:48:43', NULL, '2022-12-10 03:33:34', '2022-12-10 03:33:34'),
(506, 46, 17246, 'V', '2021-08-16 05:54:44', NULL, '2022-12-10 03:33:34', '2022-12-10 03:33:34'),
(507, 46, 21412, 'V', '2021-01-04 08:37:32', NULL, '2022-12-10 03:33:34', '2022-12-10 03:33:34'),
(508, 46, 17087, 'V', '2019-09-13 09:15:46', NULL, '2022-12-10 03:33:34', '2022-12-10 03:33:34'),
(509, 46, 14014, 'B', '2017-06-04 00:13:13', NULL, '2022-12-10 03:33:34', '2022-12-10 03:33:34'),
(510, 46, 17764, 'P', '2017-01-25 19:09:59', '2014-07-01 04:12:54', '2022-12-10 03:33:34', '2022-12-10 03:33:34'),
(511, 46, 70425, 'B', '2020-06-02 22:53:00', NULL, '2022-12-10 03:33:34', '2022-12-10 03:33:34'),
(512, 46, 72446, 'B', '2015-03-26 11:53:03', NULL, '2022-12-10 03:33:34', '2022-12-10 03:33:34'),
(513, 46, 5024, 'B', '2021-04-23 23:14:02', NULL, '2022-12-10 03:33:34', '2022-12-10 03:33:34'),
(514, 46, 16768, 'P', '2018-04-08 20:43:29', '2021-08-15 12:29:59', '2022-12-10 03:33:34', '2022-12-10 03:33:34'),
(515, 46, 30514, 'B', '2017-05-01 04:16:15', NULL, '2022-12-10 03:33:34', '2022-12-10 03:33:34'),
(516, 46, 25318, 'V', '2013-03-03 06:07:02', NULL, '2022-12-10 03:33:34', '2022-12-10 03:33:34'),
(517, 46, 44459, 'V', '2018-11-21 04:03:36', NULL, '2022-12-10 03:33:34', '2022-12-10 03:33:34'),
(518, 46, 10638, 'V', '2016-06-25 05:37:17', NULL, '2022-12-10 03:33:34', '2022-12-10 03:33:34'),
(519, 47, 72872, 'B', '2022-11-19 05:53:25', NULL, '2022-12-10 03:33:34', '2022-12-10 03:33:34'),
(520, 47, 13764, 'B', '2017-12-17 16:27:10', NULL, '2022-12-10 03:33:34', '2022-12-10 03:33:34'),
(521, 47, 88144, 'V', '2015-07-08 20:41:53', NULL, '2022-12-10 03:33:34', '2022-12-10 03:33:34'),
(522, 47, 7164, 'P', '2018-11-27 14:09:57', '2018-11-04 13:20:42', '2022-12-10 03:33:34', '2022-12-10 03:33:34'),
(523, 47, 53791, 'V', '2016-08-08 05:38:49', NULL, '2022-12-10 03:33:34', '2022-12-10 03:33:34'),
(524, 47, 23372, 'P', '2017-11-11 02:22:59', '2014-05-20 08:40:19', '2022-12-10 03:33:34', '2022-12-10 03:33:34'),
(525, 47, 23319, 'V', '2018-11-30 04:45:48', NULL, '2022-12-10 03:33:34', '2022-12-10 03:33:34'),
(526, 47, 2971, 'V', '2013-09-24 09:07:16', NULL, '2022-12-10 03:33:34', '2022-12-10 03:33:34'),
(527, 47, 89188, 'B', '2013-02-12 06:21:39', NULL, '2022-12-10 03:33:34', '2022-12-10 03:33:34'),
(528, 47, 24438, 'B', '2021-04-19 05:59:28', NULL, '2022-12-10 03:33:34', '2022-12-10 03:33:34'),
(529, 47, 68548, 'V', '2020-09-17 08:48:29', NULL, '2022-12-10 03:33:34', '2022-12-10 03:33:34'),
(530, 47, 7666, 'V', '2014-12-16 13:54:15', NULL, '2022-12-10 03:33:34', '2022-12-10 03:33:34'),
(531, 47, 65945, 'B', '2021-09-06 07:32:45', NULL, '2022-12-10 03:33:34', '2022-12-10 03:33:34'),
(532, 47, 39926, 'V', '2016-05-31 02:30:26', NULL, '2022-12-10 03:33:34', '2022-12-10 03:33:34'),
(533, 47, 75626, 'P', '2020-12-06 22:53:43', '2015-12-29 00:09:08', '2022-12-10 03:33:34', '2022-12-10 03:33:34'),
(534, 47, 62922, 'V', '2019-03-01 10:13:16', NULL, '2022-12-10 03:33:34', '2022-12-10 03:33:34'),
(535, 47, 29305, 'B', '2020-04-24 01:58:39', NULL, '2022-12-10 03:33:34', '2022-12-10 03:33:34'),
(536, 47, 33644, 'V', '2022-07-31 00:19:31', NULL, '2022-12-10 03:33:34', '2022-12-10 03:33:34'),
(537, 47, 66415, 'B', '2015-08-29 05:51:35', NULL, '2022-12-10 03:33:34', '2022-12-10 03:33:34'),
(538, 47, 8139, 'P', '2018-05-26 05:51:27', '2019-01-10 04:27:41', '2022-12-10 03:33:34', '2022-12-10 03:33:34'),
(539, 47, 55406, 'P', '2015-02-15 07:25:28', '2014-06-21 09:06:26', '2022-12-10 03:33:34', '2022-12-10 03:33:34'),
(540, 47, 40077, 'B', '2020-01-20 13:10:22', NULL, '2022-12-10 03:33:34', '2022-12-10 03:33:34'),
(541, 48, 10465, 'B', '2014-09-22 10:26:02', NULL, '2022-12-10 03:33:34', '2022-12-10 03:33:34'),
(542, 48, 83856, 'P', '2021-11-02 10:51:28', '2015-08-25 08:11:10', '2022-12-10 03:33:34', '2022-12-10 03:33:34'),
(543, 48, 50593, 'V', '2022-08-04 05:52:28', NULL, '2022-12-10 03:33:34', '2022-12-10 03:33:34'),
(544, 48, 92972, 'V', '2020-01-30 03:36:52', NULL, '2022-12-10 03:33:34', '2022-12-10 03:33:34'),
(545, 48, 18815, 'B', '2017-12-08 11:23:22', NULL, '2022-12-10 03:33:34', '2022-12-10 03:33:34'),
(546, 48, 98024, 'P', '2013-03-30 03:47:21', '2019-07-29 21:55:24', '2022-12-10 03:33:34', '2022-12-10 03:33:34'),
(547, 48, 87195, 'B', '2014-07-13 04:23:04', NULL, '2022-12-10 03:33:34', '2022-12-10 03:33:34'),
(548, 48, 34912, 'V', '2022-06-18 12:54:15', NULL, '2022-12-10 03:33:34', '2022-12-10 03:33:34'),
(549, 48, 74128, 'P', '2021-04-07 09:21:06', '2013-05-21 06:34:14', '2022-12-10 03:33:34', '2022-12-10 03:33:34'),
(550, 48, 72568, 'B', '2013-05-04 19:07:22', NULL, '2022-12-10 03:33:34', '2022-12-10 03:33:34'),
(551, 48, 85548, 'V', '2021-03-02 16:03:05', NULL, '2022-12-10 03:33:34', '2022-12-10 03:33:34'),
(552, 48, 51126, 'B', '2018-11-26 09:39:09', NULL, '2022-12-10 03:33:34', '2022-12-10 03:33:34'),
(553, 48, 88102, 'V', '2015-08-24 14:05:56', NULL, '2022-12-10 03:33:34', '2022-12-10 03:33:34'),
(554, 48, 87651, 'V', '2021-08-17 11:01:58', NULL, '2022-12-10 03:33:34', '2022-12-10 03:33:34'),
(555, 48, 60898, 'V', '2018-01-06 00:40:59', NULL, '2022-12-10 03:33:34', '2022-12-10 03:33:34'),
(556, 48, 12873, 'B', '2013-02-12 12:07:12', NULL, '2022-12-10 03:33:34', '2022-12-10 03:33:34'),
(557, 48, 99825, 'V', '2013-10-07 00:50:06', NULL, '2022-12-10 03:33:34', '2022-12-10 03:33:34'),
(558, 48, 42819, 'P', '2013-10-14 18:47:28', '2016-07-16 23:32:11', '2022-12-10 03:33:34', '2022-12-10 03:33:34'),
(559, 48, 36476, 'B', '2015-05-28 02:34:03', NULL, '2022-12-10 03:33:34', '2022-12-10 03:33:34'),
(560, 48, 12119, 'V', '2020-01-09 12:40:24', NULL, '2022-12-10 03:33:34', '2022-12-10 03:33:34'),
(561, 48, 9995, 'B', '2012-12-20 09:20:36', NULL, '2022-12-10 03:33:34', '2022-12-10 03:33:34'),
(562, 48, 78805, 'B', '2019-05-26 21:37:28', NULL, '2022-12-10 03:33:34', '2022-12-10 03:33:34'),
(563, 49, 91347, 'V', '2017-02-20 02:27:46', NULL, '2022-12-10 03:33:34', '2022-12-10 03:33:34'),
(564, 49, 11857, 'P', '2019-08-24 20:19:40', '2013-03-04 19:59:02', '2022-12-10 03:33:34', '2022-12-10 03:33:34'),
(565, 49, 31950, 'B', '2017-09-22 09:58:42', NULL, '2022-12-10 03:33:34', '2022-12-10 03:33:34'),
(566, 49, 44596, 'B', '2016-06-29 13:39:01', NULL, '2022-12-10 03:33:34', '2022-12-10 03:33:34'),
(567, 49, 87741, 'B', '2019-10-30 09:03:00', NULL, '2022-12-10 03:33:34', '2022-12-10 03:33:34'),
(568, 49, 45658, 'V', '2021-06-21 01:18:19', NULL, '2022-12-10 03:33:34', '2022-12-10 03:33:34'),
(569, 49, 19200, 'B', '2021-04-26 22:13:50', NULL, '2022-12-10 03:33:34', '2022-12-10 03:33:34'),
(570, 49, 18199, 'V', '2021-03-06 02:53:20', NULL, '2022-12-10 03:33:34', '2022-12-10 03:33:34'),
(571, 49, 43643, 'V', '2016-10-17 22:42:35', NULL, '2022-12-10 03:33:34', '2022-12-10 03:33:34'),
(572, 49, 56438, 'B', '2022-10-06 05:01:10', NULL, '2022-12-10 03:33:34', '2022-12-10 03:33:34'),
(573, 49, 37882, 'B', '2022-08-24 07:48:04', NULL, '2022-12-10 03:33:34', '2022-12-10 03:33:34'),
(574, 49, 8673, 'V', '2014-08-13 03:20:19', NULL, '2022-12-10 03:33:34', '2022-12-10 03:33:34'),
(575, 49, 82049, 'V', '2022-04-16 17:23:12', NULL, '2022-12-10 03:33:34', '2022-12-10 03:33:34'),
(576, 49, 33900, 'B', '2022-09-10 11:36:36', NULL, '2022-12-10 03:33:34', '2022-12-10 03:33:34'),
(577, 49, 47644, 'P', '2019-10-11 10:21:43', '2020-07-28 20:07:35', '2022-12-10 03:33:34', '2022-12-10 03:33:34'),
(578, 49, 4838, 'P', '2017-11-08 09:06:14', '2014-04-14 11:52:22', '2022-12-10 03:33:34', '2022-12-10 03:33:34'),
(579, 49, 59606, 'V', '2020-04-26 04:28:46', NULL, '2022-12-10 03:33:34', '2022-12-10 03:33:34'),
(580, 49, 1830, 'B', '2021-05-20 11:00:26', NULL, '2022-12-10 03:33:34', '2022-12-10 03:33:34'),
(581, 49, 24349, 'V', '2016-12-04 14:23:43', NULL, '2022-12-10 03:33:34', '2022-12-10 03:33:34'),
(582, 49, 75930, 'P', '2022-09-05 02:04:10', '2020-12-15 04:40:11', '2022-12-10 03:33:34', '2022-12-10 03:33:34'),
(583, 49, 79726, 'B', '2013-12-05 05:21:44', NULL, '2022-12-10 03:33:34', '2022-12-10 03:33:34'),
(584, 49, 54611, 'B', '2020-07-22 06:50:11', NULL, '2022-12-10 03:33:34', '2022-12-10 03:33:34'),
(585, 50, 22929, 'V', '2021-07-02 20:48:12', NULL, '2022-12-10 03:33:34', '2022-12-10 03:33:34'),
(586, 50, 19992, 'P', '2015-05-12 04:31:49', '2021-09-18 12:19:48', '2022-12-10 03:33:34', '2022-12-10 03:33:34'),
(587, 50, 71276, 'P', '2018-11-01 20:50:42', '2015-02-23 06:07:51', '2022-12-10 03:33:34', '2022-12-10 03:33:34'),
(588, 50, 22555, 'B', '2016-06-15 11:50:15', NULL, '2022-12-10 03:33:34', '2022-12-10 03:33:34'),
(589, 50, 92688, 'P', '2014-01-02 02:04:54', '2016-11-23 14:52:45', '2022-12-10 03:33:34', '2022-12-10 03:33:34'),
(590, 50, 94357, 'B', '2016-05-26 05:49:34', NULL, '2022-12-10 03:33:34', '2022-12-10 03:33:34'),
(591, 50, 87996, 'B', '2022-09-13 21:42:41', NULL, '2022-12-10 03:33:34', '2022-12-10 03:33:34'),
(592, 50, 97208, 'V', '2013-04-15 02:53:10', NULL, '2022-12-10 03:33:34', '2022-12-10 03:33:34'),
(593, 50, 85902, 'V', '2016-10-09 16:42:17', NULL, '2022-12-10 03:33:34', '2022-12-10 03:33:34'),
(594, 50, 40486, 'P', '2012-12-12 14:36:22', '2013-02-04 04:45:40', '2022-12-10 03:33:34', '2022-12-10 03:33:34'),
(595, 50, 22950, 'V', '2013-08-26 13:49:40', NULL, '2022-12-10 03:33:34', '2022-12-10 03:33:34'),
(596, 50, 67413, 'B', '2022-02-05 16:50:02', NULL, '2022-12-10 03:33:34', '2022-12-10 03:33:34'),
(597, 50, 95449, 'B', '2016-07-02 14:00:58', NULL, '2022-12-10 03:33:34', '2022-12-10 03:33:34'),
(598, 50, 79648, 'V', '2022-11-04 16:12:54', NULL, '2022-12-10 03:33:34', '2022-12-10 03:33:34'),
(599, 50, 64539, 'B', '2021-11-05 23:06:54', NULL, '2022-12-10 03:33:34', '2022-12-10 03:33:34'),
(600, 50, 1760, 'B', '2015-02-19 22:14:28', NULL, '2022-12-10 03:33:34', '2022-12-10 03:33:34'),
(601, 50, 35400, 'V', '2021-03-09 09:14:31', NULL, '2022-12-10 03:33:34', '2022-12-10 03:33:34'),
(602, 50, 75793, 'V', '2016-04-01 05:13:49', NULL, '2022-12-10 03:33:34', '2022-12-10 03:33:34'),
(603, 50, 55629, 'P', '2018-07-04 11:17:02', '2021-10-02 09:41:02', '2022-12-10 03:33:34', '2022-12-10 03:33:34'),
(604, 50, 30990, 'V', '2019-08-11 11:13:33', NULL, '2022-12-10 03:33:34', '2022-12-10 03:33:34'),
(605, 50, 9839, 'V', '2014-05-13 07:00:35', NULL, '2022-12-10 03:33:34', '2022-12-10 03:33:34'),
(606, 50, 34118, 'V', '2017-02-05 06:35:39', NULL, '2022-12-10 03:33:34', '2022-12-10 03:33:34'),
(607, 51, 78226, 'B', '2021-05-21 13:48:48', NULL, '2022-12-10 03:33:34', '2022-12-10 03:33:34'),
(608, 51, 9144, 'P', '2017-02-03 13:12:05', '2013-04-09 22:58:48', '2022-12-10 03:33:34', '2022-12-10 03:33:34'),
(609, 51, 28906, 'V', '2022-06-01 09:59:41', NULL, '2022-12-10 03:33:34', '2022-12-10 03:33:34'),
(610, 51, 35089, 'V', '2015-11-01 17:06:33', NULL, '2022-12-10 03:33:34', '2022-12-10 03:33:34'),
(611, 51, 25592, 'B', '2018-04-10 16:40:16', NULL, '2022-12-10 03:33:34', '2022-12-10 03:33:34'),
(612, 51, 62359, 'P', '2013-03-31 04:31:29', '2013-09-01 15:31:32', '2022-12-10 03:33:34', '2022-12-10 03:33:34'),
(613, 51, 12611, 'B', '2016-04-10 12:26:27', NULL, '2022-12-10 03:33:34', '2022-12-10 03:33:34'),
(614, 51, 86215, 'V', '2016-01-13 06:32:08', NULL, '2022-12-10 03:33:34', '2022-12-10 03:33:34'),
(615, 51, 62919, 'P', '2018-08-19 10:22:06', '2019-03-11 23:33:03', '2022-12-10 03:33:34', '2022-12-10 03:33:34'),
(616, 51, 64044, 'V', '2014-01-12 08:31:41', NULL, '2022-12-10 03:33:34', '2022-12-10 03:33:34'),
(617, 51, 45324, 'P', '2015-02-15 08:38:58', '2013-10-06 08:01:01', '2022-12-10 03:33:34', '2022-12-10 03:33:34'),
(618, 51, 46538, 'B', '2019-03-12 12:17:04', NULL, '2022-12-10 03:33:34', '2022-12-10 03:33:34'),
(619, 51, 32954, 'B', '2022-10-31 06:33:07', NULL, '2022-12-10 03:33:34', '2022-12-10 03:33:34'),
(620, 51, 22082, 'B', '2016-01-08 03:36:31', NULL, '2022-12-10 03:33:34', '2022-12-10 03:33:34'),
(621, 51, 90216, 'V', '2014-11-08 03:09:50', NULL, '2022-12-10 03:33:34', '2022-12-10 03:33:34'),
(622, 51, 84010, 'V', '2014-10-05 15:27:43', NULL, '2022-12-10 03:33:34', '2022-12-10 03:33:34'),
(623, 51, 98118, 'B', '2020-03-19 16:14:49', NULL, '2022-12-10 03:33:34', '2022-12-10 03:33:34'),
(624, 51, 68497, 'V', '2021-05-19 03:52:43', NULL, '2022-12-10 03:33:34', '2022-12-10 03:33:34'),
(625, 51, 90782, 'V', '2015-10-05 18:09:21', NULL, '2022-12-10 03:33:34', '2022-12-10 03:33:34'),
(626, 51, 41238, 'B', '2017-09-04 16:15:29', NULL, '2022-12-10 03:33:34', '2022-12-10 03:33:34'),
(627, 51, 15830, 'B', '2020-01-08 04:00:25', NULL, '2022-12-10 03:33:34', '2022-12-10 03:33:34'),
(628, 51, 92049, 'V', '2014-02-06 12:10:56', NULL, '2022-12-10 03:33:34', '2022-12-10 03:33:34'),
(629, 52, 78619, 'V', '2021-02-23 08:38:15', NULL, '2022-12-10 03:33:34', '2022-12-10 03:33:34'),
(630, 52, 66541, 'P', '2019-04-20 17:10:23', '2014-09-01 05:04:56', '2022-12-10 03:33:34', '2022-12-10 03:33:34'),
(631, 52, 16483, 'V', '2014-06-07 13:46:07', NULL, '2022-12-10 03:33:34', '2022-12-10 03:33:34'),
(632, 52, 16618, 'P', '2022-07-07 19:57:57', '2022-01-07 12:28:36', '2022-12-10 03:33:34', '2022-12-10 03:33:34'),
(633, 52, 12034, 'B', '2013-05-01 11:08:18', NULL, '2022-12-10 03:33:34', '2022-12-10 03:33:34'),
(634, 52, 41752, 'P', '2017-08-15 18:41:09', '2013-05-22 09:22:10', '2022-12-10 03:33:34', '2022-12-10 03:33:34'),
(635, 52, 4931, 'V', '2014-07-28 18:26:46', NULL, '2022-12-10 03:33:34', '2022-12-10 03:33:34'),
(636, 52, 56047, 'P', '2019-12-26 07:35:05', '2015-11-14 09:27:04', '2022-12-10 03:33:34', '2022-12-10 03:33:34'),
(637, 52, 77553, 'V', '2015-12-24 11:48:20', NULL, '2022-12-10 03:33:34', '2022-12-10 03:33:34'),
(638, 52, 39487, 'B', '2013-03-05 19:05:04', NULL, '2022-12-10 03:33:34', '2022-12-10 03:33:34'),
(639, 52, 82481, 'B', '2019-09-23 23:21:48', NULL, '2022-12-10 03:33:34', '2022-12-10 03:33:34'),
(640, 52, 37905, 'B', '2020-10-01 00:22:43', NULL, '2022-12-10 03:33:34', '2022-12-10 03:33:34'),
(641, 52, 46386, 'B', '2015-03-30 19:29:51', NULL, '2022-12-10 03:33:34', '2022-12-10 03:33:34'),
(642, 52, 94912, 'P', '2020-05-07 21:41:47', '2019-04-27 19:27:51', '2022-12-10 03:33:34', '2022-12-10 03:33:34'),
(643, 52, 68510, 'V', '2019-10-23 21:07:36', NULL, '2022-12-10 03:33:34', '2022-12-10 03:33:34'),
(644, 52, 94970, 'P', '2016-05-13 00:39:54', '2015-04-07 02:34:25', '2022-12-10 03:33:34', '2022-12-10 03:33:34'),
(645, 52, 41035, 'V', '2022-08-28 17:40:42', NULL, '2022-12-10 03:33:34', '2022-12-10 03:33:34'),
(646, 52, 30765, 'B', '2014-05-20 19:19:06', NULL, '2022-12-10 03:33:34', '2022-12-10 03:33:34'),
(647, 52, 74910, 'B', '2020-12-31 18:15:18', NULL, '2022-12-10 03:33:34', '2022-12-10 03:33:34'),
(648, 52, 69848, 'P', '2017-11-22 11:20:02', '2015-11-14 18:13:58', '2022-12-10 03:33:34', '2022-12-10 03:33:34'),
(649, 52, 63769, 'B', '2021-08-25 12:32:17', NULL, '2022-12-10 03:33:34', '2022-12-10 03:33:34'),
(650, 52, 72041, 'P', '2017-10-28 19:10:42', '2019-04-07 06:15:27', '2022-12-10 03:33:34', '2022-12-10 03:33:34'),
(651, 53, 80799, 'V', '2021-12-12 19:15:14', NULL, '2022-12-10 03:33:34', '2022-12-10 03:33:34'),
(652, 53, 32921, 'V', '2018-09-06 07:17:32', NULL, '2022-12-10 03:33:34', '2022-12-10 03:33:34'),
(653, 53, 65787, 'V', '2015-01-29 19:28:30', NULL, '2022-12-10 03:33:34', '2022-12-10 03:33:34'),
(654, 53, 48216, 'B', '2013-09-07 09:39:23', NULL, '2022-12-10 03:33:34', '2022-12-10 03:33:34'),
(655, 53, 11611, 'B', '2018-06-22 12:38:14', NULL, '2022-12-10 03:33:34', '2022-12-10 03:33:34'),
(656, 53, 76076, 'P', '2022-07-12 07:57:28', '2017-09-15 17:09:27', '2022-12-10 03:33:34', '2022-12-10 03:33:34'),
(657, 53, 27122, 'B', '2019-07-30 23:18:54', NULL, '2022-12-10 03:33:34', '2022-12-10 03:33:34'),
(658, 53, 80276, 'V', '2013-02-27 01:55:16', NULL, '2022-12-10 03:33:34', '2022-12-10 03:33:34'),
(659, 53, 49096, 'P', '2015-07-25 12:46:53', '2018-09-14 05:19:01', '2022-12-10 03:33:34', '2022-12-10 03:33:34'),
(660, 53, 2382, 'V', '2022-04-20 14:12:37', NULL, '2022-12-10 03:33:34', '2022-12-10 03:33:34'),
(661, 53, 74789, 'B', '2018-06-20 03:30:46', NULL, '2022-12-10 03:33:34', '2022-12-10 03:33:34'),
(662, 53, 54886, 'V', '2021-08-19 20:55:40', NULL, '2022-12-10 03:33:34', '2022-12-10 03:33:34'),
(663, 53, 95061, 'P', '2014-11-04 06:29:35', '2018-05-06 02:16:06', '2022-12-10 03:33:34', '2022-12-10 03:33:34'),
(664, 53, 88678, 'P', '2015-10-28 16:34:58', '2020-10-19 01:03:10', '2022-12-10 03:33:34', '2022-12-10 03:33:34'),
(665, 53, 75060, 'B', '2022-03-01 13:06:13', NULL, '2022-12-10 03:33:34', '2022-12-10 03:33:34'),
(666, 53, 70073, 'V', '2013-08-05 15:53:08', NULL, '2022-12-10 03:33:34', '2022-12-10 03:33:34'),
(667, 53, 97053, 'V', '2015-03-15 07:10:10', NULL, '2022-12-10 03:33:34', '2022-12-10 03:33:34'),
(668, 53, 67355, 'B', '2016-10-24 13:29:54', NULL, '2022-12-10 03:33:34', '2022-12-10 03:33:34'),
(669, 53, 91172, 'B', '2018-08-24 16:13:57', NULL, '2022-12-10 03:33:34', '2022-12-10 03:33:34'),
(670, 53, 27271, 'V', '2017-06-17 09:05:22', NULL, '2022-12-10 03:33:34', '2022-12-10 03:33:34'),
(671, 53, 16803, 'V', '2018-07-11 11:47:31', NULL, '2022-12-10 03:33:34', '2022-12-10 03:33:34'),
(672, 53, 14158, 'V', '2015-03-01 17:18:27', NULL, '2022-12-10 03:33:34', '2022-12-10 03:33:34'),
(673, 54, 24543, 'P', '2018-10-04 03:28:25', '2020-02-10 17:12:13', '2022-12-10 03:33:34', '2022-12-10 03:33:34'),
(674, 54, 7688, 'V', '2014-02-20 18:06:08', NULL, '2022-12-10 03:33:34', '2022-12-10 03:33:34'),
(675, 54, 13952, 'P', '2013-05-01 09:27:03', '2013-02-21 12:09:30', '2022-12-10 03:33:34', '2022-12-10 03:33:34'),
(676, 54, 17059, 'P', '2020-09-04 01:44:19', '2018-04-26 03:36:10', '2022-12-10 03:33:34', '2022-12-10 03:33:34'),
(677, 54, 85988, 'B', '2022-10-12 14:19:45', NULL, '2022-12-10 03:33:34', '2022-12-10 03:33:34'),
(678, 54, 30130, 'B', '2022-09-04 04:12:50', NULL, '2022-12-10 03:33:34', '2022-12-10 03:33:34'),
(679, 54, 78747, 'V', '2015-02-16 12:41:26', NULL, '2022-12-10 03:33:34', '2022-12-10 03:33:34'),
(680, 54, 26675, 'V', '2018-04-29 22:09:20', NULL, '2022-12-10 03:33:34', '2022-12-10 03:33:34'),
(681, 54, 14536, 'P', '2021-10-03 21:29:49', '2019-06-23 15:21:50', '2022-12-10 03:33:34', '2022-12-10 03:33:34'),
(682, 54, 23768, 'B', '2020-01-24 05:32:51', NULL, '2022-12-10 03:33:34', '2022-12-10 03:33:34'),
(683, 54, 11766, 'B', '2013-12-07 20:55:31', NULL, '2022-12-10 03:33:34', '2022-12-10 03:33:34'),
(684, 54, 69104, 'P', '2013-01-24 18:36:59', '2015-05-13 05:40:38', '2022-12-10 03:33:34', '2022-12-10 03:33:34'),
(685, 54, 48011, 'B', '2018-09-27 14:42:13', NULL, '2022-12-10 03:33:34', '2022-12-10 03:33:34'),
(686, 54, 42879, 'V', '2022-08-29 16:58:47', NULL, '2022-12-10 03:33:34', '2022-12-10 03:33:34'),
(687, 54, 19537, 'P', '2021-05-17 09:52:47', '2015-05-23 18:43:51', '2022-12-10 03:33:34', '2022-12-10 03:33:34'),
(688, 54, 838, 'V', '2013-02-17 05:57:28', NULL, '2022-12-10 03:33:34', '2022-12-10 03:33:34'),
(689, 54, 17535, 'V', '2014-12-06 19:57:27', NULL, '2022-12-10 03:33:34', '2022-12-10 03:33:34'),
(690, 54, 23034, 'P', '2013-05-16 00:43:29', '2018-09-30 15:55:30', '2022-12-10 03:33:34', '2022-12-10 03:33:34'),
(691, 54, 96693, 'B', '2013-10-04 22:50:09', NULL, '2022-12-10 03:33:34', '2022-12-10 03:33:34'),
(692, 54, 50639, 'P', '2021-09-16 22:15:51', '2020-02-02 15:41:30', '2022-12-10 03:33:34', '2022-12-10 03:33:34'),
(693, 54, 70035, 'V', '2016-03-31 23:30:51', NULL, '2022-12-10 03:33:34', '2022-12-10 03:33:34'),
(694, 54, 72666, 'B', '2014-11-03 22:34:22', NULL, '2022-12-10 03:33:34', '2022-12-10 03:33:34'),
(695, 55, 30754, 'P', '2021-08-22 21:27:08', '2016-09-10 05:14:46', '2022-12-10 03:33:34', '2022-12-10 03:33:34'),
(696, 55, 48150, 'V', '2022-05-12 09:34:18', NULL, '2022-12-10 03:33:34', '2022-12-10 03:33:34'),
(697, 55, 45697, 'P', '2020-09-09 09:10:55', '2022-04-14 14:50:50', '2022-12-10 03:33:34', '2022-12-10 03:33:34'),
(698, 55, 5406, 'B', '2018-11-26 05:02:54', NULL, '2022-12-10 03:33:34', '2022-12-10 03:33:34'),
(699, 55, 66794, 'B', '2022-06-15 02:28:28', NULL, '2022-12-10 03:33:34', '2022-12-10 03:33:34'),
(700, 55, 97141, 'B', '2014-10-14 14:31:23', NULL, '2022-12-10 03:33:34', '2022-12-10 03:33:34'),
(701, 55, 54466, 'V', '2019-11-03 21:24:22', NULL, '2022-12-10 03:33:34', '2022-12-10 03:33:34'),
(702, 55, 15803, 'P', '2013-07-15 12:33:28', '2014-08-18 15:33:54', '2022-12-10 03:33:34', '2022-12-10 03:33:34'),
(703, 55, 91254, 'V', '2020-10-21 21:55:59', NULL, '2022-12-10 03:33:34', '2022-12-10 03:33:34'),
(704, 55, 75712, 'B', '2018-06-22 20:50:15', NULL, '2022-12-10 03:33:34', '2022-12-10 03:33:34'),
(705, 55, 28963, 'V', '2018-08-16 21:26:25', NULL, '2022-12-10 03:33:34', '2022-12-10 03:33:34'),
(706, 55, 7669, 'V', '2015-09-20 12:11:42', NULL, '2022-12-10 03:33:34', '2022-12-10 03:33:34'),
(707, 55, 98753, 'V', '2020-08-11 22:44:51', NULL, '2022-12-10 03:33:34', '2022-12-10 03:33:34'),
(708, 55, 13246, 'B', '2016-02-08 20:44:07', NULL, '2022-12-10 03:33:34', '2022-12-10 03:33:34'),
(709, 55, 44263, 'B', '2012-12-19 20:44:08', NULL, '2022-12-10 03:33:34', '2022-12-10 03:33:34'),
(710, 55, 10304, 'P', '2019-07-01 10:11:27', '2019-12-03 21:43:31', '2022-12-10 03:33:34', '2022-12-10 03:33:34'),
(711, 55, 99703, 'V', '2018-07-30 23:12:25', NULL, '2022-12-10 03:33:34', '2022-12-10 03:33:34'),
(712, 55, 80004, 'V', '2018-09-12 03:55:49', NULL, '2022-12-10 03:33:34', '2022-12-10 03:33:34'),
(713, 55, 86111, 'V', '2015-05-19 05:55:50', NULL, '2022-12-10 03:33:34', '2022-12-10 03:33:34'),
(714, 55, 45450, 'V', '2015-02-12 04:59:39', NULL, '2022-12-10 03:33:34', '2022-12-10 03:33:34'),
(715, 55, 94214, 'P', '2016-01-07 06:52:55', '2021-02-10 15:09:44', '2022-12-10 03:33:34', '2022-12-10 03:33:34'),
(716, 55, 36269, 'V', '2015-05-29 22:16:38', NULL, '2022-12-10 03:33:34', '2022-12-10 03:33:34'),
(717, 56, 68791, 'V', '2015-10-10 18:26:01', NULL, '2022-12-10 03:33:34', '2022-12-10 03:33:34'),
(718, 56, 37880, 'B', '2016-08-13 11:55:17', NULL, '2022-12-10 03:33:34', '2022-12-10 03:33:34'),
(719, 56, 37322, 'V', '2017-04-06 02:49:49', NULL, '2022-12-10 03:33:34', '2022-12-10 03:33:34'),
(720, 56, 55272, 'P', '2014-05-16 03:09:44', '2020-03-02 07:20:19', '2022-12-10 03:33:34', '2022-12-10 03:33:34'),
(721, 56, 20696, 'P', '2019-04-21 15:12:22', '2019-12-22 05:33:42', '2022-12-10 03:33:34', '2022-12-10 03:33:34'),
(722, 56, 43361, 'V', '2018-07-21 10:58:18', NULL, '2022-12-10 03:33:34', '2022-12-10 03:33:34'),
(723, 56, 6027, 'P', '2021-11-22 17:54:10', '2013-07-15 06:58:52', '2022-12-10 03:33:34', '2022-12-10 03:33:34'),
(724, 56, 75143, 'V', '2017-06-12 15:16:34', NULL, '2022-12-10 03:33:34', '2022-12-10 03:33:34'),
(725, 56, 24090, 'V', '2016-09-05 17:43:59', NULL, '2022-12-10 03:33:34', '2022-12-10 03:33:34'),
(726, 56, 14716, 'B', '2015-10-27 11:23:58', NULL, '2022-12-10 03:33:34', '2022-12-10 03:33:34'),
(727, 56, 74098, 'P', '2021-12-03 04:23:48', '2021-05-13 08:32:11', '2022-12-10 03:33:34', '2022-12-10 03:33:34'),
(728, 56, 80765, 'V', '2017-04-25 01:36:53', NULL, '2022-12-10 03:33:34', '2022-12-10 03:33:34'),
(729, 56, 69733, 'P', '2016-06-06 09:08:06', '2015-12-05 01:15:53', '2022-12-10 03:33:34', '2022-12-10 03:33:34'),
(730, 56, 90863, 'P', '2021-12-25 18:41:06', '2018-12-28 23:36:26', '2022-12-10 03:33:34', '2022-12-10 03:33:34'),
(731, 56, 87628, 'B', '2021-07-18 01:28:31', NULL, '2022-12-10 03:33:34', '2022-12-10 03:33:34'),
(732, 56, 25026, 'P', '2013-10-31 11:31:27', '2019-07-23 08:01:34', '2022-12-10 03:33:34', '2022-12-10 03:33:34'),
(733, 56, 21263, 'B', '2021-09-13 16:46:22', NULL, '2022-12-10 03:33:34', '2022-12-10 03:33:34'),
(734, 56, 42555, 'P', '2017-09-01 18:57:25', '2016-09-03 07:06:26', '2022-12-10 03:33:34', '2022-12-10 03:33:34'),
(735, 56, 90179, 'B', '2017-05-28 01:28:18', NULL, '2022-12-10 03:33:35', '2022-12-10 03:33:35'),
(736, 56, 53740, 'V', '2016-10-27 21:52:52', NULL, '2022-12-10 03:33:35', '2022-12-10 03:33:35'),
(737, 56, 97037, 'P', '2015-05-08 02:20:27', '2018-07-30 17:04:28', '2022-12-10 03:33:35', '2022-12-10 03:33:35'),
(738, 56, 8577, 'B', '2022-07-05 04:33:58', NULL, '2022-12-10 03:33:35', '2022-12-10 03:33:35'),
(739, 57, 31652, 'B', '2022-09-02 21:04:55', NULL, '2022-12-10 03:33:35', '2022-12-10 03:33:35'),
(740, 57, 50248, 'V', '2015-10-17 03:33:36', NULL, '2022-12-10 03:33:35', '2022-12-10 03:33:35'),
(741, 57, 78535, 'B', '2020-01-21 06:16:03', NULL, '2022-12-10 03:33:35', '2022-12-10 03:33:35'),
(742, 57, 81783, 'V', '2013-08-09 08:05:06', NULL, '2022-12-10 03:33:35', '2022-12-10 03:33:35'),
(743, 57, 87844, 'B', '2018-01-20 20:53:31', NULL, '2022-12-10 03:33:35', '2022-12-10 03:33:35'),
(744, 57, 67434, 'P', '2022-08-10 05:32:06', '2013-04-12 11:02:22', '2022-12-10 03:33:35', '2022-12-10 03:33:35'),
(745, 57, 68207, 'P', '2015-02-23 22:51:25', '2019-02-22 06:15:39', '2022-12-10 03:33:35', '2022-12-10 03:33:35'),
(746, 57, 89038, 'V', '2014-03-12 15:22:06', NULL, '2022-12-10 03:33:35', '2022-12-10 03:33:35'),
(747, 57, 29950, 'B', '2019-07-08 05:26:42', NULL, '2022-12-10 03:33:35', '2022-12-10 03:33:35'),
(748, 57, 15159, 'P', '2013-10-21 22:42:09', '2019-02-03 18:59:50', '2022-12-10 03:33:35', '2022-12-10 03:33:35'),
(749, 57, 3016, 'B', '2015-01-06 14:21:40', NULL, '2022-12-10 03:33:35', '2022-12-10 03:33:35'),
(750, 57, 51851, 'B', '2020-03-01 12:29:43', NULL, '2022-12-10 03:33:35', '2022-12-10 03:33:35'),
(751, 57, 24483, 'P', '2022-05-29 02:44:06', '2015-09-21 13:33:36', '2022-12-10 03:33:35', '2022-12-10 03:33:35'),
(752, 57, 74362, 'V', '2013-06-29 13:29:40', NULL, '2022-12-10 03:33:35', '2022-12-10 03:33:35'),
(753, 57, 92181, 'B', '2015-01-28 08:32:26', NULL, '2022-12-10 03:33:35', '2022-12-10 03:33:35'),
(754, 57, 85518, 'P', '2013-07-28 18:23:33', '2016-05-11 08:50:51', '2022-12-10 03:33:35', '2022-12-10 03:33:35'),
(755, 57, 73962, 'B', '2014-04-03 00:57:33', NULL, '2022-12-10 03:33:35', '2022-12-10 03:33:35'),
(756, 57, 93503, 'P', '2014-07-11 17:01:50', '2013-08-30 19:25:29', '2022-12-10 03:33:35', '2022-12-10 03:33:35'),
(757, 57, 88745, 'B', '2017-05-17 15:15:55', NULL, '2022-12-10 03:33:35', '2022-12-10 03:33:35'),
(758, 57, 21577, 'B', '2016-05-27 22:35:17', NULL, '2022-12-10 03:33:35', '2022-12-10 03:33:35'),
(759, 57, 81148, 'B', '2014-07-30 09:02:12', NULL, '2022-12-10 03:33:35', '2022-12-10 03:33:35'),
(760, 57, 76108, 'B', '2019-06-14 06:32:30', NULL, '2022-12-10 03:33:35', '2022-12-10 03:33:35'),
(761, 58, 71478, 'V', '2017-11-05 22:44:04', NULL, '2022-12-10 03:33:35', '2022-12-10 03:33:35'),
(762, 58, 4675, 'P', '2019-03-29 23:15:44', '2014-08-31 23:38:16', '2022-12-10 03:33:35', '2022-12-10 03:33:35'),
(763, 58, 84001, 'P', '2016-09-12 18:05:04', '2020-05-06 10:30:37', '2022-12-10 03:33:35', '2022-12-10 03:33:35'),
(764, 58, 74791, 'P', '2015-01-21 23:42:13', '2017-04-23 14:59:02', '2022-12-10 03:33:35', '2022-12-10 03:33:35'),
(765, 58, 4947, 'P', '2014-01-22 03:53:35', '2020-06-10 06:57:36', '2022-12-10 03:33:35', '2022-12-10 03:33:35'),
(766, 58, 96958, 'P', '2021-02-14 14:03:26', '2014-09-18 15:31:37', '2022-12-10 03:33:35', '2022-12-10 03:33:35'),
(767, 58, 37084, 'P', '2022-03-07 19:53:20', '2018-11-16 00:43:50', '2022-12-10 03:33:35', '2022-12-10 03:33:35'),
(768, 58, 70218, 'P', '2014-07-06 14:12:47', '2018-02-10 16:34:00', '2022-12-10 03:33:35', '2022-12-10 03:33:35'),
(769, 58, 34333, 'V', '2016-02-06 10:48:31', NULL, '2022-12-10 03:33:35', '2022-12-10 03:33:35'),
(770, 58, 60129, 'P', '2017-08-04 18:23:54', '2017-01-17 03:26:14', '2022-12-10 03:33:35', '2022-12-10 03:33:35'),
(771, 58, 17251, 'V', '2016-01-17 08:54:16', NULL, '2022-12-10 03:33:35', '2022-12-10 03:33:35'),
(772, 58, 6280, 'V', '2013-01-26 04:34:19', NULL, '2022-12-10 03:33:35', '2022-12-10 03:33:35'),
(773, 58, 32614, 'B', '2017-12-04 06:20:44', NULL, '2022-12-10 03:33:35', '2022-12-10 03:33:35'),
(774, 58, 30973, 'B', '2018-04-18 09:29:02', NULL, '2022-12-10 03:33:35', '2022-12-10 03:33:35'),
(775, 58, 82851, 'P', '2016-09-30 05:23:35', '2013-03-08 08:33:35', '2022-12-10 03:33:35', '2022-12-10 03:33:35'),
(776, 58, 21724, 'P', '2017-04-17 21:23:28', '2014-08-14 19:37:56', '2022-12-10 03:33:35', '2022-12-10 03:33:35'),
(777, 58, 32714, 'V', '2014-03-03 15:45:09', NULL, '2022-12-10 03:33:35', '2022-12-10 03:33:35'),
(778, 58, 71671, 'B', '2016-07-22 15:06:38', NULL, '2022-12-10 03:33:35', '2022-12-10 03:33:35'),
(779, 58, 3777, 'V', '2020-08-17 09:22:40', NULL, '2022-12-10 03:33:35', '2022-12-10 03:33:35'),
(780, 58, 39916, 'B', '2019-12-04 08:42:21', NULL, '2022-12-10 03:33:35', '2022-12-10 03:33:35'),
(781, 58, 57268, 'B', '2016-01-08 08:50:51', NULL, '2022-12-10 03:33:35', '2022-12-10 03:33:35'),
(782, 58, 75977, 'B', '2018-06-09 23:15:57', NULL, '2022-12-10 03:33:35', '2022-12-10 03:33:35'),
(783, 59, 87990, 'P', '2022-11-23 10:52:45', '2021-07-20 01:29:30', '2022-12-10 03:33:35', '2022-12-10 03:33:35'),
(784, 59, 4065, 'P', '2013-10-21 20:31:42', '2013-02-21 08:44:38', '2022-12-10 03:33:35', '2022-12-10 03:33:35'),
(785, 59, 47180, 'B', '2015-04-06 16:07:35', NULL, '2022-12-10 03:33:35', '2022-12-10 03:33:35'),
(786, 59, 79919, 'V', '2017-10-14 04:08:54', NULL, '2022-12-10 03:33:35', '2022-12-10 03:33:35'),
(787, 59, 74569, 'V', '2021-11-14 04:01:55', NULL, '2022-12-10 03:33:35', '2022-12-10 03:33:35'),
(788, 59, 55394, 'V', '2016-11-29 22:14:00', NULL, '2022-12-10 03:33:35', '2022-12-10 03:33:35'),
(789, 59, 47399, 'P', '2021-04-11 07:02:41', '2012-12-26 21:13:39', '2022-12-10 03:33:35', '2022-12-10 03:33:35'),
(790, 59, 54130, 'P', '2015-12-09 19:40:34', '2017-07-25 23:41:09', '2022-12-10 03:33:35', '2022-12-10 03:33:35'),
(791, 59, 13302, 'B', '2017-07-26 15:37:13', NULL, '2022-12-10 03:33:35', '2022-12-10 03:33:35'),
(792, 59, 97298, 'P', '2014-08-18 12:35:11', '2022-03-02 23:35:26', '2022-12-10 03:33:35', '2022-12-10 03:33:35'),
(793, 59, 11186, 'B', '2016-01-03 16:10:39', NULL, '2022-12-10 03:33:35', '2022-12-10 03:33:35'),
(794, 59, 71928, 'V', '2017-11-28 03:50:34', NULL, '2022-12-10 03:33:35', '2022-12-10 03:33:35'),
(795, 59, 46605, 'B', '2018-12-16 03:30:49', NULL, '2022-12-10 03:33:35', '2022-12-10 03:33:35'),
(796, 59, 30449, 'V', '2019-07-23 10:50:01', NULL, '2022-12-10 03:33:35', '2022-12-10 03:33:35'),
(797, 59, 98594, 'V', '2022-11-02 09:14:31', NULL, '2022-12-10 03:33:35', '2022-12-10 03:33:35'),
(798, 59, 6995, 'B', '2019-03-11 11:59:18', NULL, '2022-12-10 03:33:35', '2022-12-10 03:33:35'),
(799, 59, 90074, 'V', '2020-11-03 16:07:07', NULL, '2022-12-10 03:33:35', '2022-12-10 03:33:35'),
(800, 59, 62786, 'B', '2015-04-22 23:22:12', NULL, '2022-12-10 03:33:35', '2022-12-10 03:33:35'),
(801, 59, 31184, 'B', '2019-03-24 02:34:26', NULL, '2022-12-10 03:33:35', '2022-12-10 03:33:35'),
(802, 59, 37593, 'P', '2014-04-23 23:16:28', '2016-11-19 21:11:13', '2022-12-10 03:33:35', '2022-12-10 03:33:35'),
(803, 59, 93572, 'P', '2014-01-22 16:50:05', '2019-07-19 12:44:37', '2022-12-10 03:33:35', '2022-12-10 03:33:35'),
(804, 59, 67164, 'V', '2018-11-16 03:55:19', NULL, '2022-12-10 03:33:35', '2022-12-10 03:33:35'),
(805, 60, 58254, 'P', '2017-10-22 17:54:09', '2013-07-02 17:35:25', '2022-12-10 03:33:35', '2022-12-10 03:33:35'),
(806, 60, 14112, 'P', '2021-02-16 13:34:09', '2019-06-10 14:39:45', '2022-12-10 03:33:35', '2022-12-10 03:33:35'),
(807, 60, 75990, 'V', '2014-10-06 14:46:03', NULL, '2022-12-10 03:33:35', '2022-12-10 03:33:35'),
(808, 60, 92404, 'P', '2022-11-25 16:19:00', '2019-04-06 08:20:37', '2022-12-10 03:33:35', '2022-12-10 03:33:35'),
(809, 60, 94806, 'B', '2020-12-02 07:04:44', NULL, '2022-12-10 03:33:35', '2022-12-10 03:33:35'),
(810, 60, 14160, 'P', '2017-05-25 09:55:10', '2020-01-30 18:05:45', '2022-12-10 03:33:35', '2022-12-10 03:33:35'),
(811, 60, 10328, 'P', '2015-08-04 15:23:28', '2012-12-25 02:38:43', '2022-12-10 03:33:35', '2022-12-10 03:33:35'),
(812, 60, 52730, 'P', '2016-09-04 22:23:41', '2013-08-26 09:00:31', '2022-12-10 03:33:35', '2022-12-10 03:33:35'),
(813, 60, 2650, 'B', '2022-04-02 01:34:37', NULL, '2022-12-10 03:33:35', '2022-12-10 03:33:35'),
(814, 60, 97748, 'P', '2022-11-17 05:26:35', '2018-09-11 19:35:13', '2022-12-10 03:33:35', '2022-12-10 03:33:35'),
(815, 60, 26212, 'P', '2015-12-24 06:47:13', '2015-09-25 14:45:34', '2022-12-10 03:33:35', '2022-12-10 03:33:35'),
(816, 60, 92530, 'V', '2021-05-12 20:24:37', NULL, '2022-12-10 03:33:35', '2022-12-10 03:33:35'),
(817, 60, 27092, 'P', '2017-10-07 01:59:44', '2016-04-11 18:44:52', '2022-12-10 03:33:35', '2022-12-10 03:33:35'),
(818, 60, 88239, 'B', '2016-06-29 15:00:34', NULL, '2022-12-10 03:33:35', '2022-12-10 03:33:35'),
(819, 60, 64149, 'B', '2015-01-24 23:02:40', NULL, '2022-12-10 03:33:35', '2022-12-10 03:33:35'),
(820, 60, 31416, 'P', '2017-09-09 16:50:53', '2016-04-16 05:19:47', '2022-12-10 03:33:35', '2022-12-10 03:33:35'),
(821, 60, 62800, 'P', '2016-11-23 14:53:41', '2019-05-24 10:32:09', '2022-12-10 03:33:35', '2022-12-10 03:33:35'),
(822, 60, 41141, 'V', '2020-07-05 03:45:48', NULL, '2022-12-10 03:33:35', '2022-12-10 03:33:35'),
(823, 60, 332, 'P', '2019-06-27 05:00:23', '2015-02-22 03:05:06', '2022-12-10 03:33:35', '2022-12-10 03:33:35'),
(824, 60, 88147, 'V', '2021-10-27 14:48:09', NULL, '2022-12-10 03:33:35', '2022-12-10 03:33:35'),
(825, 60, 82552, 'B', '2021-08-20 02:48:28', NULL, '2022-12-10 03:33:35', '2022-12-10 03:33:35'),
(826, 60, 31307, 'V', '2015-04-10 16:49:52', NULL, '2022-12-10 03:33:35', '2022-12-10 03:33:35'),
(827, 61, 25581, 'B', '2017-09-26 05:57:26', NULL, '2022-12-10 03:33:35', '2022-12-10 03:33:35'),
(828, 61, 12500, 'B', '2014-01-12 06:26:40', NULL, '2022-12-10 03:33:35', '2022-12-10 03:33:35'),
(829, 61, 42224, 'B', '2017-07-18 14:59:55', NULL, '2022-12-10 03:33:35', '2022-12-10 03:33:35'),
(830, 61, 49178, 'P', '2022-04-27 17:34:02', '2015-01-01 19:30:27', '2022-12-10 03:33:35', '2022-12-10 03:33:35'),
(831, 61, 13328, 'P', '2018-12-06 03:36:30', '2019-01-13 08:32:04', '2022-12-10 03:33:35', '2022-12-10 03:33:35'),
(832, 61, 19520, 'B', '2020-04-15 07:52:46', NULL, '2022-12-10 03:33:35', '2022-12-10 03:33:35'),
(833, 61, 476, 'V', '2020-03-31 13:17:06', NULL, '2022-12-10 03:33:35', '2022-12-10 03:33:35'),
(834, 61, 72479, 'V', '2016-07-11 21:49:21', NULL, '2022-12-10 03:33:35', '2022-12-10 03:33:35'),
(835, 61, 63001, 'V', '2022-10-31 21:14:50', NULL, '2022-12-10 03:33:35', '2022-12-10 03:33:35'),
(836, 61, 95669, 'V', '2020-05-18 20:49:57', NULL, '2022-12-10 03:33:35', '2022-12-10 03:33:35'),
(837, 61, 98159, 'V', '2021-07-08 08:32:00', NULL, '2022-12-10 03:33:35', '2022-12-10 03:33:35'),
(838, 61, 51810, 'B', '2014-12-26 00:49:41', NULL, '2022-12-10 03:33:35', '2022-12-10 03:33:35'),
(839, 61, 71995, 'V', '2016-02-05 01:35:13', NULL, '2022-12-10 03:33:35', '2022-12-10 03:33:35'),
(840, 61, 27890, 'V', '2014-12-23 02:07:53', NULL, '2022-12-10 03:33:35', '2022-12-10 03:33:35'),
(841, 61, 12642, 'V', '2019-06-23 10:08:09', NULL, '2022-12-10 03:33:35', '2022-12-10 03:33:35'),
(842, 61, 37699, 'B', '2013-02-25 02:02:20', NULL, '2022-12-10 03:33:35', '2022-12-10 03:33:35'),
(843, 61, 17394, 'B', '2014-10-11 01:07:25', NULL, '2022-12-10 03:33:35', '2022-12-10 03:33:35'),
(844, 61, 2046, 'V', '2021-05-15 09:20:28', NULL, '2022-12-10 03:33:35', '2022-12-10 03:33:35'),
(845, 61, 781, 'P', '2019-05-10 10:38:46', '2013-05-09 16:36:18', '2022-12-10 03:33:35', '2022-12-10 03:33:35'),
(846, 61, 15970, 'V', '2016-03-14 15:02:28', NULL, '2022-12-10 03:33:35', '2022-12-10 03:33:35'),
(847, 61, 41259, 'V', '2020-01-12 03:34:16', NULL, '2022-12-10 03:33:35', '2022-12-10 03:33:35'),
(848, 61, 15187, 'P', '2014-05-25 04:42:37', '2016-06-08 15:18:18', '2022-12-10 03:33:35', '2022-12-10 03:33:35'),
(849, 62, 19171, 'P', '2017-03-23 13:11:37', '2017-05-09 22:15:24', '2022-12-10 03:33:35', '2022-12-10 03:33:35'),
(850, 62, 51556, 'B', '2021-11-11 14:19:42', NULL, '2022-12-10 03:33:35', '2022-12-10 03:33:35'),
(851, 62, 97212, 'P', '2013-11-30 16:21:22', '2020-07-11 15:11:51', '2022-12-10 03:33:35', '2022-12-10 03:33:35'),
(852, 62, 8037, 'V', '2015-11-02 02:44:58', NULL, '2022-12-10 03:33:35', '2022-12-10 03:33:35'),
(853, 62, 77576, 'B', '2017-05-21 10:11:36', NULL, '2022-12-10 03:33:35', '2022-12-10 03:33:35'),
(854, 62, 67514, 'P', '2022-08-05 00:27:04', '2013-12-06 23:39:05', '2022-12-10 03:33:35', '2022-12-10 03:33:35'),
(855, 62, 79431, 'B', '2015-12-13 22:33:24', NULL, '2022-12-10 03:33:35', '2022-12-10 03:33:35'),
(856, 62, 58318, 'P', '2013-01-21 23:41:25', '2015-10-18 23:14:31', '2022-12-10 03:33:35', '2022-12-10 03:33:35'),
(857, 62, 56288, 'P', '2014-12-04 07:31:18', '2014-05-13 22:58:56', '2022-12-10 03:33:35', '2022-12-10 03:33:35'),
(858, 62, 19337, 'B', '2018-11-06 14:32:25', NULL, '2022-12-10 03:33:35', '2022-12-10 03:33:35'),
(859, 62, 89681, 'V', '2022-05-26 21:40:32', NULL, '2022-12-10 03:33:35', '2022-12-10 03:33:35'),
(860, 62, 20393, 'V', '2021-02-22 17:07:22', NULL, '2022-12-10 03:33:35', '2022-12-10 03:33:35'),
(861, 62, 21913, 'B', '2014-02-23 05:01:03', NULL, '2022-12-10 03:33:35', '2022-12-10 03:33:35'),
(862, 62, 2996, 'V', '2014-05-04 14:11:38', NULL, '2022-12-10 03:33:35', '2022-12-10 03:33:35'),
(863, 62, 60779, 'V', '2016-06-13 12:23:03', NULL, '2022-12-10 03:33:35', '2022-12-10 03:33:35'),
(864, 62, 84588, 'P', '2022-08-26 09:15:07', '2016-03-30 22:51:22', '2022-12-10 03:33:35', '2022-12-10 03:33:35'),
(865, 62, 67814, 'V', '2021-07-27 09:48:42', NULL, '2022-12-10 03:33:35', '2022-12-10 03:33:35'),
(866, 62, 65607, 'B', '2020-04-14 16:33:17', NULL, '2022-12-10 03:33:35', '2022-12-10 03:33:35'),
(867, 62, 12832, 'B', '2018-12-27 11:32:39', NULL, '2022-12-10 03:33:35', '2022-12-10 03:33:35'),
(868, 62, 13307, 'B', '2019-12-04 03:18:00', NULL, '2022-12-10 03:33:35', '2022-12-10 03:33:35'),
(869, 62, 14887, 'P', '2014-12-11 14:56:15', '2019-04-16 19:33:31', '2022-12-10 03:33:35', '2022-12-10 03:33:35'),
(870, 62, 62753, 'V', '2021-03-10 12:41:33', NULL, '2022-12-10 03:33:35', '2022-12-10 03:33:35'),
(871, 63, 40721, 'B', '2019-01-15 15:52:06', NULL, '2022-12-10 03:33:35', '2022-12-10 03:33:35'),
(872, 63, 14346, 'P', '2013-08-11 19:28:25', '2015-09-29 00:44:26', '2022-12-10 03:33:35', '2022-12-10 03:33:35'),
(873, 63, 85532, 'V', '2016-06-29 12:41:07', NULL, '2022-12-10 03:33:35', '2022-12-10 03:33:35'),
(874, 63, 55070, 'B', '2014-02-15 11:06:58', NULL, '2022-12-10 03:33:35', '2022-12-10 03:33:35'),
(875, 63, 39108, 'P', '2014-12-05 18:43:40', '2021-03-22 20:50:39', '2022-12-10 03:33:35', '2022-12-10 03:33:35'),
(876, 63, 84358, 'P', '2018-08-12 05:22:55', '2018-02-15 07:32:18', '2022-12-10 03:33:35', '2022-12-10 03:33:35'),
(877, 63, 55671, 'B', '2016-12-04 03:39:05', NULL, '2022-12-10 03:33:35', '2022-12-10 03:33:35'),
(878, 63, 91393, 'B', '2014-08-29 15:16:43', NULL, '2022-12-10 03:33:35', '2022-12-10 03:33:35'),
(879, 63, 94447, 'B', '2014-08-31 21:00:21', NULL, '2022-12-10 03:33:35', '2022-12-10 03:33:35'),
(880, 63, 9747, 'V', '2017-07-04 07:36:06', NULL, '2022-12-10 03:33:35', '2022-12-10 03:33:35'),
(881, 63, 97817, 'V', '2020-08-16 02:10:20', NULL, '2022-12-10 03:33:35', '2022-12-10 03:33:35'),
(882, 63, 83969, 'V', '2021-05-23 09:07:33', NULL, '2022-12-10 03:33:35', '2022-12-10 03:33:35'),
(883, 63, 35318, 'B', '2020-09-29 01:00:55', NULL, '2022-12-10 03:33:35', '2022-12-10 03:33:35'),
(884, 63, 23955, 'B', '2019-10-29 01:03:32', NULL, '2022-12-10 03:33:35', '2022-12-10 03:33:35'),
(885, 63, 13329, 'B', '2015-12-16 14:37:21', NULL, '2022-12-10 03:33:35', '2022-12-10 03:33:35'),
(886, 63, 51826, 'P', '2016-10-19 17:20:34', '2018-01-14 07:02:40', '2022-12-10 03:33:35', '2022-12-10 03:33:35'),
(887, 63, 11197, 'B', '2013-09-09 22:24:28', NULL, '2022-12-10 03:33:35', '2022-12-10 03:33:35'),
(888, 63, 39798, 'V', '2022-04-22 08:14:41', NULL, '2022-12-10 03:33:35', '2022-12-10 03:33:35'),
(889, 63, 2728, 'P', '2019-10-10 01:31:56', '2017-03-09 19:24:25', '2022-12-10 03:33:35', '2022-12-10 03:33:35'),
(890, 63, 5437, 'P', '2017-08-16 17:30:48', '2014-04-09 21:13:18', '2022-12-10 03:33:35', '2022-12-10 03:33:35'),
(891, 63, 47813, 'B', '2014-05-24 22:38:19', NULL, '2022-12-10 03:33:35', '2022-12-10 03:33:35'),
(892, 63, 61101, 'V', '2016-01-02 20:25:53', NULL, '2022-12-10 03:33:35', '2022-12-10 03:33:35'),
(893, 64, 48508, 'V', '2013-10-26 07:35:31', NULL, '2022-12-10 03:33:35', '2022-12-10 03:33:35'),
(894, 64, 1563, 'B', '2015-06-26 23:09:26', NULL, '2022-12-10 03:33:35', '2022-12-10 03:33:35'),
(895, 64, 60065, 'V', '2021-10-08 03:22:14', NULL, '2022-12-10 03:33:35', '2022-12-10 03:33:35'),
(896, 64, 815, 'P', '2021-11-22 20:41:17', '2013-12-04 11:59:52', '2022-12-10 03:33:35', '2022-12-10 03:33:35'),
(897, 64, 59626, 'V', '2020-01-12 21:14:29', NULL, '2022-12-10 03:33:35', '2022-12-10 03:33:35'),
(898, 64, 48113, 'P', '2015-08-08 02:08:30', '2018-04-03 05:34:11', '2022-12-10 03:33:35', '2022-12-10 03:33:35'),
(899, 64, 77942, 'B', '2018-01-10 15:59:15', NULL, '2022-12-10 03:33:35', '2022-12-10 03:33:35'),
(900, 64, 77546, 'B', '2021-12-15 21:00:19', NULL, '2022-12-10 03:33:35', '2022-12-10 03:33:35'),
(901, 64, 44455, 'P', '2013-11-11 23:43:34', '2020-05-01 08:21:03', '2022-12-10 03:33:35', '2022-12-10 03:33:35'),
(902, 64, 92907, 'B', '2015-11-09 16:05:54', NULL, '2022-12-10 03:33:35', '2022-12-10 03:33:35'),
(903, 64, 19994, 'P', '2016-08-28 18:21:43', '2014-08-22 06:30:19', '2022-12-10 03:33:35', '2022-12-10 03:33:35'),
(904, 64, 31827, 'B', '2020-11-13 06:37:33', NULL, '2022-12-10 03:33:35', '2022-12-10 03:33:35'),
(905, 64, 97414, 'V', '2019-01-24 19:54:13', NULL, '2022-12-10 03:33:35', '2022-12-10 03:33:35'),
(906, 64, 7082, 'P', '2013-07-25 08:08:38', '2013-04-28 11:04:59', '2022-12-10 03:33:35', '2022-12-10 03:33:35'),
(907, 64, 10586, 'V', '2017-03-04 17:31:23', NULL, '2022-12-10 03:33:35', '2022-12-10 03:33:35'),
(908, 64, 76481, 'P', '2013-04-13 02:58:01', '2020-12-29 01:31:33', '2022-12-10 03:33:35', '2022-12-10 03:33:35'),
(909, 64, 16136, 'P', '2014-01-01 19:06:38', '2015-07-27 19:19:59', '2022-12-10 03:33:35', '2022-12-10 03:33:35'),
(910, 64, 52814, 'B', '2020-01-12 04:51:03', NULL, '2022-12-10 03:33:35', '2022-12-10 03:33:35'),
(911, 64, 69072, 'B', '2022-10-04 18:07:00', NULL, '2022-12-10 03:33:35', '2022-12-10 03:33:35'),
(912, 64, 29970, 'V', '2019-09-04 04:30:59', NULL, '2022-12-10 03:33:35', '2022-12-10 03:33:35'),
(913, 64, 57924, 'B', '2020-01-04 09:37:30', NULL, '2022-12-10 03:33:35', '2022-12-10 03:33:35'),
(914, 64, 75336, 'B', '2021-03-29 08:15:46', NULL, '2022-12-10 03:33:35', '2022-12-10 03:33:35'),
(915, 65, 71457, 'P', '2021-03-06 20:34:25', '2021-05-06 14:32:12', '2022-12-10 03:33:35', '2022-12-10 03:33:35'),
(916, 65, 78633, 'B', '2014-02-05 04:00:23', NULL, '2022-12-10 03:33:35', '2022-12-10 03:33:35'),
(917, 65, 41171, 'P', '2014-04-03 10:51:03', '2013-11-03 06:07:28', '2022-12-10 03:33:35', '2022-12-10 03:33:35'),
(918, 65, 64331, 'B', '2019-01-31 16:45:02', NULL, '2022-12-10 03:33:35', '2022-12-10 03:33:35'),
(919, 65, 21007, 'B', '2016-06-16 05:03:46', NULL, '2022-12-10 03:33:35', '2022-12-10 03:33:35'),
(920, 65, 52648, 'V', '2015-07-09 00:00:49', NULL, '2022-12-10 03:33:35', '2022-12-10 03:33:35'),
(921, 65, 72738, 'P', '2019-05-18 16:12:54', '2013-10-31 16:05:02', '2022-12-10 03:33:35', '2022-12-10 03:33:35'),
(922, 65, 74092, 'V', '2020-06-15 23:42:09', NULL, '2022-12-10 03:33:35', '2022-12-10 03:33:35'),
(923, 65, 27200, 'V', '2022-02-24 06:11:15', NULL, '2022-12-10 03:33:35', '2022-12-10 03:33:35'),
(924, 65, 22942, 'P', '2016-09-01 17:45:59', '2019-06-30 00:44:49', '2022-12-10 03:33:35', '2022-12-10 03:33:35'),
(925, 65, 13164, 'P', '2015-11-25 13:38:00', '2022-07-11 12:34:28', '2022-12-10 03:33:35', '2022-12-10 03:33:35'),
(926, 65, 52695, 'V', '2019-01-30 18:43:39', NULL, '2022-12-10 03:33:35', '2022-12-10 03:33:35'),
(927, 65, 60707, 'V', '2020-11-29 14:27:39', NULL, '2022-12-10 03:33:35', '2022-12-10 03:33:35'),
(928, 65, 34476, 'V', '2020-04-14 14:42:05', NULL, '2022-12-10 03:33:35', '2022-12-10 03:33:35'),
(929, 65, 56268, 'V', '2015-04-11 12:03:55', NULL, '2022-12-10 03:33:35', '2022-12-10 03:33:35'),
(930, 65, 11531, 'B', '2019-04-07 19:57:07', NULL, '2022-12-10 03:33:35', '2022-12-10 03:33:35'),
(931, 65, 43701, 'P', '2013-02-01 19:18:12', '2020-08-18 08:35:02', '2022-12-10 03:33:35', '2022-12-10 03:33:35'),
(932, 65, 12741, 'V', '2022-02-06 02:24:58', NULL, '2022-12-10 03:33:35', '2022-12-10 03:33:35'),
(933, 65, 90088, 'B', '2018-05-03 05:51:10', NULL, '2022-12-10 03:33:35', '2022-12-10 03:33:35'),
(934, 65, 87215, 'V', '2016-08-04 08:07:15', NULL, '2022-12-10 03:33:35', '2022-12-10 03:33:35'),
(935, 65, 15852, 'B', '2021-12-08 03:49:32', NULL, '2022-12-10 03:33:35', '2022-12-10 03:33:35'),
(936, 65, 13843, 'B', '2013-01-10 22:44:20', NULL, '2022-12-10 03:33:35', '2022-12-10 03:33:35'),
(937, 66, 31354, 'V', '2021-09-17 23:46:31', NULL, '2022-12-10 03:33:35', '2022-12-10 03:33:35'),
(938, 66, 71633, 'P', '2018-01-06 22:39:20', '2019-05-08 13:21:00', '2022-12-10 03:33:35', '2022-12-10 03:33:35'),
(939, 66, 85723, 'V', '2017-08-26 02:11:13', NULL, '2022-12-10 03:33:35', '2022-12-10 03:33:35'),
(940, 66, 75987, 'P', '2021-08-17 22:45:34', '2017-05-06 03:12:57', '2022-12-10 03:33:35', '2022-12-10 03:33:35'),
(941, 66, 68011, 'V', '2015-05-04 08:58:19', NULL, '2022-12-10 03:33:35', '2022-12-10 03:33:35'),
(942, 66, 44523, 'V', '2015-04-07 03:00:56', NULL, '2022-12-10 03:33:35', '2022-12-10 03:33:35'),
(943, 66, 33938, 'P', '2017-05-02 20:32:05', '2018-12-23 10:19:09', '2022-12-10 03:33:35', '2022-12-10 03:33:35'),
(944, 66, 61641, 'P', '2013-08-28 14:18:19', '2020-01-31 00:58:01', '2022-12-10 03:33:35', '2022-12-10 03:33:35'),
(945, 66, 66631, 'V', '2013-03-15 14:06:11', NULL, '2022-12-10 03:33:35', '2022-12-10 03:33:35'),
(946, 66, 18251, 'V', '2019-04-27 02:42:07', NULL, '2022-12-10 03:33:35', '2022-12-10 03:33:35'),
(947, 66, 70141, 'V', '2015-09-22 04:12:34', NULL, '2022-12-10 03:33:35', '2022-12-10 03:33:35'),
(948, 66, 97521, 'V', '2014-01-30 12:29:59', NULL, '2022-12-10 03:33:35', '2022-12-10 03:33:35'),
(949, 66, 41197, 'P', '2014-12-31 06:25:09', '2016-04-04 00:39:11', '2022-12-10 03:33:35', '2022-12-10 03:33:35'),
(950, 66, 33569, 'P', '2022-05-15 06:51:03', '2019-02-01 21:17:02', '2022-12-10 03:33:35', '2022-12-10 03:33:35'),
(951, 66, 82160, 'P', '2015-05-18 13:49:33', '2018-10-25 21:16:54', '2022-12-10 03:33:35', '2022-12-10 03:33:35'),
(952, 66, 65561, 'P', '2017-08-09 19:41:48', '2017-08-08 04:28:31', '2022-12-10 03:33:35', '2022-12-10 03:33:35'),
(953, 66, 69131, 'P', '2020-09-03 10:49:07', '2016-08-08 10:35:38', '2022-12-10 03:33:35', '2022-12-10 03:33:35'),
(954, 66, 12946, 'P', '2016-02-24 21:30:12', '2013-05-16 07:26:49', '2022-12-10 03:33:35', '2022-12-10 03:33:35'),
(955, 66, 44185, 'B', '2014-11-28 07:28:39', NULL, '2022-12-10 03:33:35', '2022-12-10 03:33:35'),
(956, 66, 6632, 'B', '2020-12-14 14:03:01', NULL, '2022-12-10 03:33:35', '2022-12-10 03:33:35'),
(957, 66, 77892, 'P', '2015-01-27 06:39:14', '2016-07-10 00:25:04', '2022-12-10 03:33:35', '2022-12-10 03:33:35'),
(958, 66, 67799, 'B', '2019-03-03 05:10:44', NULL, '2022-12-10 03:33:35', '2022-12-10 03:33:35'),
(959, 67, 53994, 'B', '2019-12-18 07:34:31', NULL, '2022-12-10 03:33:35', '2022-12-10 03:33:35'),
(960, 67, 22338, 'P', '2020-05-01 20:29:35', '2021-08-25 03:20:35', '2022-12-10 03:33:35', '2022-12-10 03:33:35'),
(961, 67, 28742, 'B', '2018-02-17 03:01:23', NULL, '2022-12-10 03:33:35', '2022-12-10 03:33:35'),
(962, 67, 2859, 'V', '2017-10-20 20:18:59', NULL, '2022-12-10 03:33:35', '2022-12-10 03:33:35'),
(963, 67, 18483, 'V', '2021-10-30 06:08:30', NULL, '2022-12-10 03:33:35', '2022-12-10 03:33:35'),
(964, 67, 64537, 'B', '2017-01-22 10:02:07', NULL, '2022-12-10 03:33:35', '2022-12-10 03:33:35'),
(965, 67, 43729, 'P', '2022-02-22 20:40:46', '2013-08-28 09:56:19', '2022-12-10 03:33:35', '2022-12-10 03:33:35'),
(966, 67, 56306, 'V', '2021-09-15 16:46:32', NULL, '2022-12-10 03:33:35', '2022-12-10 03:33:35'),
(967, 67, 42118, 'V', '2017-05-02 23:11:48', NULL, '2022-12-10 03:33:35', '2022-12-10 03:33:35'),
(968, 67, 79504, 'B', '2020-11-25 23:42:16', NULL, '2022-12-10 03:33:35', '2022-12-10 03:33:35'),
(969, 67, 11171, 'V', '2019-04-04 03:07:54', NULL, '2022-12-10 03:33:35', '2022-12-10 03:33:35'),
(970, 67, 2583, 'V', '2019-02-07 04:35:35', NULL, '2022-12-10 03:33:35', '2022-12-10 03:33:35'),
(971, 67, 7556, 'B', '2018-12-22 02:31:29', NULL, '2022-12-10 03:33:35', '2022-12-10 03:33:35'),
(972, 67, 4355, 'V', '2017-01-19 21:31:54', NULL, '2022-12-10 03:33:35', '2022-12-10 03:33:35'),
(973, 67, 94428, 'V', '2020-12-11 21:43:20', NULL, '2022-12-10 03:33:35', '2022-12-10 03:33:35'),
(974, 67, 73521, 'P', '2014-10-20 15:11:07', '2018-02-03 14:58:25', '2022-12-10 03:33:35', '2022-12-10 03:33:35'),
(975, 67, 57195, 'B', '2022-05-26 14:04:05', NULL, '2022-12-10 03:33:35', '2022-12-10 03:33:35'),
(976, 67, 27312, 'B', '2015-07-10 19:37:00', NULL, '2022-12-10 03:33:35', '2022-12-10 03:33:35'),
(977, 67, 84145, 'P', '2021-05-18 07:08:02', '2014-04-22 20:57:28', '2022-12-10 03:33:35', '2022-12-10 03:33:35'),
(978, 67, 21238, 'V', '2013-10-06 04:13:24', NULL, '2022-12-10 03:33:35', '2022-12-10 03:33:35'),
(979, 67, 15242, 'V', '2014-11-06 16:19:31', NULL, '2022-12-10 03:33:35', '2022-12-10 03:33:35'),
(980, 67, 10112, 'B', '2017-05-19 14:15:41', NULL, '2022-12-10 03:33:35', '2022-12-10 03:33:35'),
(981, 68, 28113, 'B', '2022-03-03 01:07:08', NULL, '2022-12-10 03:33:35', '2022-12-10 03:33:35'),
(982, 68, 56176, 'B', '2019-03-26 12:12:17', NULL, '2022-12-10 03:33:35', '2022-12-10 03:33:35'),
(983, 68, 26972, 'B', '2022-08-09 10:26:03', NULL, '2022-12-10 03:33:35', '2022-12-10 03:33:35'),
(984, 68, 26202, 'B', '2012-12-16 03:04:09', NULL, '2022-12-10 03:33:35', '2022-12-10 03:33:35'),
(985, 68, 56231, 'P', '2017-02-15 21:15:26', '2018-10-22 06:01:33', '2022-12-10 03:33:35', '2022-12-10 03:33:35'),
(986, 68, 28020, 'B', '2018-02-10 22:52:40', NULL, '2022-12-10 03:33:35', '2022-12-10 03:33:35'),
(987, 68, 24835, 'V', '2021-08-17 04:42:04', NULL, '2022-12-10 03:33:35', '2022-12-10 03:33:35'),
(988, 68, 13813, 'V', '2022-01-23 10:35:46', NULL, '2022-12-10 03:33:35', '2022-12-10 03:33:35'),
(989, 68, 56268, 'V', '2013-09-24 17:37:40', NULL, '2022-12-10 03:33:35', '2022-12-10 03:33:35');
INSERT INTO `invoices` (`id`, `customer_id`, `amount`, `status`, `billed_date`, `paid_date`, `created_at`, `updated_at`) VALUES
(990, 69, 46763, 'B', '2015-11-18 08:57:33', NULL, '2022-12-10 03:33:35', '2022-12-10 03:33:35'),
(991, 69, 22111, 'V', '2014-09-01 05:52:09', NULL, '2022-12-10 03:33:35', '2022-12-10 03:33:35'),
(992, 69, 28531, 'P', '2013-07-02 19:05:24', '2013-08-28 08:43:48', '2022-12-10 03:33:35', '2022-12-10 03:33:35'),
(993, 69, 35551, 'B', '2020-01-03 19:45:49', NULL, '2022-12-10 03:33:35', '2022-12-10 03:33:35'),
(994, 69, 82073, 'B', '2019-12-30 04:40:07', NULL, '2022-12-10 03:33:35', '2022-12-10 03:33:35'),
(995, 69, 74716, 'B', '2013-07-07 18:48:39', NULL, '2022-12-10 03:33:35', '2022-12-10 03:33:35'),
(996, 69, 12049, 'V', '2017-06-22 14:28:38', NULL, '2022-12-10 03:33:35', '2022-12-10 03:33:35'),
(997, 69, 48775, 'V', '2015-08-19 21:18:33', NULL, '2022-12-10 03:33:35', '2022-12-10 03:33:35'),
(998, 69, 38053, 'B', '2020-05-25 04:08:24', NULL, '2022-12-10 03:33:35', '2022-12-10 03:33:35'),
(999, 70, 18599, 'B', '2021-07-07 17:55:13', NULL, '2022-12-10 03:33:35', '2022-12-10 03:33:35'),
(1000, 70, 43166, 'V', '2020-03-06 21:07:21', NULL, '2022-12-10 03:33:35', '2022-12-10 03:33:35'),
(1001, 70, 9236, 'V', '2013-01-26 21:08:57', NULL, '2022-12-10 03:33:35', '2022-12-10 03:33:35'),
(1002, 70, 33391, 'P', '2015-11-17 04:56:58', '2014-06-15 04:03:49', '2022-12-10 03:33:35', '2022-12-10 03:33:35'),
(1003, 70, 83115, 'P', '2014-11-20 01:06:57', '2016-09-09 22:47:38', '2022-12-10 03:33:35', '2022-12-10 03:33:35'),
(1004, 70, 55476, 'B', '2015-08-27 02:30:23', NULL, '2022-12-10 03:33:35', '2022-12-10 03:33:35'),
(1005, 70, 84869, 'P', '2022-04-04 16:08:52', '2019-03-28 21:31:59', '2022-12-10 03:33:35', '2022-12-10 03:33:35'),
(1006, 70, 52463, 'V', '2014-04-13 17:28:29', NULL, '2022-12-10 03:33:35', '2022-12-10 03:33:35'),
(1007, 70, 14291, 'V', '2018-07-27 16:26:20', NULL, '2022-12-10 03:33:35', '2022-12-10 03:33:35'),
(1008, 71, 27183, 'V', '2017-01-13 02:38:39', NULL, '2022-12-10 03:33:35', '2022-12-10 03:33:35'),
(1009, 71, 12257, 'B', '2020-03-18 08:01:55', NULL, '2022-12-10 03:33:35', '2022-12-10 03:33:35'),
(1010, 71, 3365, 'B', '2015-08-27 23:49:30', NULL, '2022-12-10 03:33:35', '2022-12-10 03:33:35'),
(1011, 71, 2074, 'P', '2014-05-16 21:40:23', '2016-08-19 11:48:20', '2022-12-10 03:33:35', '2022-12-10 03:33:35'),
(1012, 71, 40994, 'V', '2013-04-09 22:21:14', NULL, '2022-12-10 03:33:35', '2022-12-10 03:33:35'),
(1013, 71, 53034, 'B', '2022-09-20 19:55:43', NULL, '2022-12-10 03:33:35', '2022-12-10 03:33:35'),
(1014, 71, 40005, 'B', '2018-02-04 15:05:39', NULL, '2022-12-10 03:33:35', '2022-12-10 03:33:35'),
(1015, 71, 39738, 'V', '2017-05-13 10:56:01', NULL, '2022-12-10 03:33:35', '2022-12-10 03:33:35'),
(1016, 71, 63514, 'B', '2016-07-28 00:07:54', NULL, '2022-12-10 03:33:35', '2022-12-10 03:33:35'),
(1017, 72, 81604, 'B', '2016-09-28 16:26:09', NULL, '2022-12-10 03:33:35', '2022-12-10 03:33:35'),
(1018, 72, 27264, 'P', '2018-08-08 01:24:32', '2014-06-12 22:00:11', '2022-12-10 03:33:35', '2022-12-10 03:33:35'),
(1019, 72, 15181, 'B', '2018-07-31 02:11:06', NULL, '2022-12-10 03:33:35', '2022-12-10 03:33:35'),
(1020, 72, 92819, 'B', '2020-12-27 17:29:16', NULL, '2022-12-10 03:33:35', '2022-12-10 03:33:35'),
(1021, 72, 11172, 'V', '2015-03-06 14:47:27', NULL, '2022-12-10 03:33:35', '2022-12-10 03:33:35'),
(1022, 72, 87664, 'P', '2015-05-25 04:30:56', '2020-09-24 16:09:20', '2022-12-10 03:33:35', '2022-12-10 03:33:35'),
(1023, 72, 15490, 'B', '2016-09-03 06:04:55', NULL, '2022-12-10 03:33:35', '2022-12-10 03:33:35'),
(1024, 72, 69814, 'B', '2013-02-07 09:57:57', NULL, '2022-12-10 03:33:35', '2022-12-10 03:33:35'),
(1025, 72, 40622, 'P', '2018-01-16 20:26:40', '2019-10-02 11:28:32', '2022-12-10 03:33:35', '2022-12-10 03:33:35'),
(1026, 73, 42193, 'B', '2013-04-04 10:29:32', NULL, '2022-12-10 03:33:35', '2022-12-10 03:33:35'),
(1027, 73, 40095, 'B', '2014-12-16 08:40:26', NULL, '2022-12-10 03:33:35', '2022-12-10 03:33:35'),
(1028, 73, 16955, 'V', '2016-05-20 08:00:24', NULL, '2022-12-10 03:33:35', '2022-12-10 03:33:35'),
(1029, 73, 61587, 'B', '2017-12-05 18:22:04', NULL, '2022-12-10 03:33:35', '2022-12-10 03:33:35'),
(1030, 73, 49558, 'V', '2020-01-02 15:50:05', NULL, '2022-12-10 03:33:35', '2022-12-10 03:33:35'),
(1031, 73, 52208, 'P', '2015-01-03 18:25:38', '2014-05-13 16:33:31', '2022-12-10 03:33:35', '2022-12-10 03:33:35'),
(1032, 73, 61610, 'B', '2013-03-09 07:18:50', NULL, '2022-12-10 03:33:35', '2022-12-10 03:33:35'),
(1033, 73, 5670, 'V', '2014-02-20 03:08:45', NULL, '2022-12-10 03:33:35', '2022-12-10 03:33:35'),
(1034, 73, 43853, 'V', '2020-09-08 12:02:58', NULL, '2022-12-10 03:33:35', '2022-12-10 03:33:35'),
(1035, 74, 99084, 'V', '2017-02-19 22:48:46', NULL, '2022-12-10 03:33:35', '2022-12-10 03:33:35'),
(1036, 74, 80124, 'V', '2013-09-10 19:54:01', NULL, '2022-12-10 03:33:35', '2022-12-10 03:33:35'),
(1037, 74, 89817, 'V', '2018-08-04 01:43:03', NULL, '2022-12-10 03:33:35', '2022-12-10 03:33:35'),
(1038, 74, 11489, 'B', '2014-01-05 13:59:59', NULL, '2022-12-10 03:33:35', '2022-12-10 03:33:35'),
(1039, 74, 42083, 'V', '2017-03-24 07:30:41', NULL, '2022-12-10 03:33:35', '2022-12-10 03:33:35'),
(1040, 74, 61919, 'P', '2014-04-12 00:40:04', '2017-08-04 23:16:35', '2022-12-10 03:33:35', '2022-12-10 03:33:35'),
(1041, 74, 5041, 'P', '2016-01-02 02:30:37', '2014-06-06 23:04:12', '2022-12-10 03:33:35', '2022-12-10 03:33:35'),
(1042, 74, 60983, 'V', '2013-03-22 10:55:23', NULL, '2022-12-10 03:33:35', '2022-12-10 03:33:35'),
(1043, 74, 68298, 'B', '2015-02-03 07:41:32', NULL, '2022-12-10 03:33:35', '2022-12-10 03:33:35'),
(1044, 75, 35168, 'P', '2016-02-20 02:46:41', '2014-03-23 12:39:47', '2022-12-10 03:33:35', '2022-12-10 03:33:35'),
(1045, 75, 18713, 'B', '2016-08-09 17:41:24', NULL, '2022-12-10 03:33:35', '2022-12-10 03:33:35'),
(1046, 75, 32336, 'P', '2017-06-07 20:29:57', '2013-08-29 13:22:59', '2022-12-10 03:33:35', '2022-12-10 03:33:35'),
(1047, 75, 99279, 'B', '2012-12-21 23:05:21', NULL, '2022-12-10 03:33:35', '2022-12-10 03:33:35'),
(1048, 75, 56867, 'V', '2017-01-28 17:35:49', NULL, '2022-12-10 03:33:35', '2022-12-10 03:33:35'),
(1049, 75, 6823, 'V', '2021-03-15 10:38:31', NULL, '2022-12-10 03:33:35', '2022-12-10 03:33:35'),
(1050, 75, 32936, 'P', '2015-04-26 12:21:15', '2021-02-20 12:24:58', '2022-12-10 03:33:35', '2022-12-10 03:33:35'),
(1051, 75, 31478, 'B', '2016-05-20 11:39:56', NULL, '2022-12-10 03:33:35', '2022-12-10 03:33:35'),
(1052, 75, 12512, 'B', '2020-02-02 08:34:22', NULL, '2022-12-10 03:33:35', '2022-12-10 03:33:35'),
(1053, 76, 82869, 'B', '2013-01-18 04:21:09', NULL, '2022-12-10 03:33:35', '2022-12-10 03:33:35'),
(1054, 76, 2167, 'P', '2013-09-14 10:58:04', '2013-07-18 09:53:38', '2022-12-10 03:33:35', '2022-12-10 03:33:35'),
(1055, 76, 54279, 'P', '2017-07-18 01:17:31', '2022-08-25 05:44:32', '2022-12-10 03:33:35', '2022-12-10 03:33:35'),
(1056, 76, 73074, 'V', '2022-10-28 14:38:52', NULL, '2022-12-10 03:33:35', '2022-12-10 03:33:35'),
(1057, 76, 45249, 'P', '2022-01-25 13:40:21', '2015-11-13 07:53:25', '2022-12-10 03:33:35', '2022-12-10 03:33:35'),
(1058, 76, 37411, 'B', '2020-08-14 18:04:00', NULL, '2022-12-10 03:33:35', '2022-12-10 03:33:35'),
(1059, 76, 39396, 'B', '2018-06-11 15:28:08', NULL, '2022-12-10 03:33:35', '2022-12-10 03:33:35'),
(1060, 76, 54721, 'P', '2014-11-08 18:07:26', '2021-07-30 00:35:00', '2022-12-10 03:33:35', '2022-12-10 03:33:35'),
(1061, 76, 84632, 'V', '2019-01-24 19:57:27', NULL, '2022-12-10 03:33:35', '2022-12-10 03:33:35'),
(1062, 77, 58201, 'B', '2016-11-27 20:47:00', NULL, '2022-12-10 03:33:35', '2022-12-10 03:33:35'),
(1063, 77, 60399, 'V', '2016-08-06 01:57:00', NULL, '2022-12-10 03:33:35', '2022-12-10 03:33:35'),
(1064, 77, 88092, 'B', '2014-05-01 13:17:11', NULL, '2022-12-10 03:33:35', '2022-12-10 03:33:35'),
(1065, 77, 63773, 'P', '2022-04-13 22:56:21', '2021-04-24 08:11:16', '2022-12-10 03:33:35', '2022-12-10 03:33:35'),
(1066, 77, 25847, 'P', '2014-09-03 15:27:15', '2014-11-09 19:17:00', '2022-12-10 03:33:35', '2022-12-10 03:33:35'),
(1067, 77, 17579, 'V', '2013-10-25 10:13:44', NULL, '2022-12-10 03:33:35', '2022-12-10 03:33:35'),
(1068, 77, 10575, 'V', '2014-04-02 05:25:14', NULL, '2022-12-10 03:33:35', '2022-12-10 03:33:35'),
(1069, 77, 62135, 'B', '2015-11-17 16:07:00', NULL, '2022-12-10 03:33:35', '2022-12-10 03:33:35'),
(1070, 77, 84446, 'V', '2019-04-11 01:10:11', NULL, '2022-12-10 03:33:35', '2022-12-10 03:33:35'),
(1071, 78, 89047, 'V', '2015-01-19 11:11:03', NULL, '2022-12-10 03:33:35', '2022-12-10 03:33:35'),
(1072, 78, 33935, 'V', '2019-02-27 05:31:36', NULL, '2022-12-10 03:33:35', '2022-12-10 03:33:35'),
(1073, 78, 86816, 'V', '2020-11-02 13:57:05', NULL, '2022-12-10 03:33:35', '2022-12-10 03:33:35'),
(1074, 78, 53868, 'B', '2016-05-01 16:17:09', NULL, '2022-12-10 03:33:35', '2022-12-10 03:33:35'),
(1075, 78, 91453, 'P', '2016-03-26 01:11:56', '2019-06-22 12:58:43', '2022-12-10 03:33:35', '2022-12-10 03:33:35'),
(1076, 78, 38799, 'B', '2013-12-17 15:36:31', NULL, '2022-12-10 03:33:35', '2022-12-10 03:33:35'),
(1077, 78, 4368, 'V', '2013-08-08 16:12:05', NULL, '2022-12-10 03:33:35', '2022-12-10 03:33:35'),
(1078, 78, 68983, 'V', '2015-04-24 23:16:49', NULL, '2022-12-10 03:33:35', '2022-12-10 03:33:35'),
(1079, 78, 16721, 'B', '2017-06-19 15:49:39', NULL, '2022-12-10 03:33:35', '2022-12-10 03:33:35'),
(1080, 79, 52572, 'P', '2013-06-02 15:57:12', '2022-01-16 23:22:19', '2022-12-10 03:33:35', '2022-12-10 03:33:35'),
(1081, 79, 32943, 'P', '2017-05-23 13:32:27', '2014-05-13 21:41:06', '2022-12-10 03:33:35', '2022-12-10 03:33:35'),
(1082, 79, 14317, 'B', '2019-12-01 23:04:22', NULL, '2022-12-10 03:33:35', '2022-12-10 03:33:35'),
(1083, 79, 19886, 'P', '2016-12-06 21:34:41', '2016-09-24 21:14:54', '2022-12-10 03:33:35', '2022-12-10 03:33:35'),
(1084, 79, 28314, 'B', '2014-03-01 15:38:02', NULL, '2022-12-10 03:33:35', '2022-12-10 03:33:35'),
(1085, 79, 62153, 'V', '2017-10-05 05:29:30', NULL, '2022-12-10 03:33:35', '2022-12-10 03:33:35'),
(1086, 79, 63614, 'B', '2017-08-02 04:43:28', NULL, '2022-12-10 03:33:35', '2022-12-10 03:33:35'),
(1087, 79, 66638, 'P', '2015-12-12 02:00:02', '2014-09-10 12:24:54', '2022-12-10 03:33:35', '2022-12-10 03:33:35'),
(1088, 79, 71443, 'B', '2018-02-13 15:20:59', NULL, '2022-12-10 03:33:35', '2022-12-10 03:33:35'),
(1089, 80, 31891, 'V', '2021-09-26 05:53:16', NULL, '2022-12-10 03:33:35', '2022-12-10 03:33:35'),
(1090, 80, 45805, 'P', '2022-01-30 18:03:36', '2014-11-13 19:19:17', '2022-12-10 03:33:35', '2022-12-10 03:33:35'),
(1091, 80, 28781, 'P', '2020-11-28 11:18:31', '2018-04-24 16:13:53', '2022-12-10 03:33:35', '2022-12-10 03:33:35'),
(1092, 80, 26470, 'V', '2017-04-20 23:35:52', NULL, '2022-12-10 03:33:35', '2022-12-10 03:33:35'),
(1093, 80, 56564, 'V', '2013-02-10 04:54:36', NULL, '2022-12-10 03:33:35', '2022-12-10 03:33:35'),
(1094, 80, 24832, 'V', '2013-10-28 12:46:23', NULL, '2022-12-10 03:33:35', '2022-12-10 03:33:35'),
(1095, 80, 22872, 'P', '2014-10-20 17:44:25', '2013-10-12 17:46:46', '2022-12-10 03:33:35', '2022-12-10 03:33:35'),
(1096, 80, 99228, 'P', '2013-05-18 00:11:14', '2018-10-21 23:19:43', '2022-12-10 03:33:35', '2022-12-10 03:33:35'),
(1097, 80, 29585, 'V', '2016-02-03 00:44:18', NULL, '2022-12-10 03:33:35', '2022-12-10 03:33:35'),
(1098, 81, 55446, 'B', '2014-07-01 22:43:10', NULL, '2022-12-10 03:33:35', '2022-12-10 03:33:35'),
(1099, 81, 85547, 'B', '2019-08-28 03:05:59', NULL, '2022-12-10 03:33:35', '2022-12-10 03:33:35'),
(1100, 81, 37438, 'V', '2018-09-12 10:00:36', NULL, '2022-12-10 03:33:35', '2022-12-10 03:33:35'),
(1101, 81, 12607, 'B', '2017-02-24 15:35:34', NULL, '2022-12-10 03:33:35', '2022-12-10 03:33:35'),
(1102, 81, 38462, 'V', '2014-04-02 00:24:01', NULL, '2022-12-10 03:33:35', '2022-12-10 03:33:35'),
(1103, 81, 41610, 'V', '2018-09-11 14:35:19', NULL, '2022-12-10 03:33:35', '2022-12-10 03:33:35'),
(1104, 81, 79394, 'B', '2022-10-17 12:27:17', NULL, '2022-12-10 03:33:35', '2022-12-10 03:33:35'),
(1105, 81, 9104, 'P', '2018-10-18 11:16:59', '2022-08-18 03:45:00', '2022-12-10 03:33:35', '2022-12-10 03:33:35'),
(1106, 81, 55872, 'P', '2013-11-22 15:25:53', '2016-03-29 02:59:57', '2022-12-10 03:33:35', '2022-12-10 03:33:35'),
(1107, 82, 47463, 'P', '2022-09-05 21:16:44', '2012-12-26 17:56:23', '2022-12-10 03:33:35', '2022-12-10 03:33:35'),
(1108, 82, 85402, 'P', '2016-01-12 21:20:02', '2013-08-24 09:46:24', '2022-12-10 03:33:35', '2022-12-10 03:33:35'),
(1109, 82, 31676, 'P', '2015-08-14 18:48:06', '2015-09-03 01:18:27', '2022-12-10 03:33:35', '2022-12-10 03:33:35'),
(1110, 82, 45602, 'V', '2012-12-22 08:02:28', NULL, '2022-12-10 03:33:35', '2022-12-10 03:33:35'),
(1111, 82, 22978, 'P', '2017-05-29 04:05:22', '2013-11-20 01:00:02', '2022-12-10 03:33:35', '2022-12-10 03:33:35'),
(1112, 82, 47245, 'B', '2022-05-26 14:10:50', NULL, '2022-12-10 03:33:35', '2022-12-10 03:33:35'),
(1113, 82, 80, 'B', '2018-11-18 07:53:33', NULL, '2022-12-10 03:33:35', '2022-12-10 03:33:35'),
(1114, 82, 41276, 'V', '2022-08-10 00:51:45', NULL, '2022-12-10 03:33:35', '2022-12-10 03:33:35'),
(1115, 82, 97572, 'V', '2015-01-24 10:47:24', NULL, '2022-12-10 03:33:35', '2022-12-10 03:33:35'),
(1116, 83, 90982, 'V', '2016-08-23 21:39:02', NULL, '2022-12-10 03:33:35', '2022-12-10 03:33:35'),
(1117, 83, 13316, 'P', '2016-07-28 20:58:32', '2016-03-10 22:02:35', '2022-12-10 03:33:35', '2022-12-10 03:33:35'),
(1118, 83, 66095, 'P', '2015-01-21 00:08:45', '2016-09-18 18:57:48', '2022-12-10 03:33:35', '2022-12-10 03:33:35'),
(1119, 83, 84293, 'B', '2016-10-31 13:22:22', NULL, '2022-12-10 03:33:35', '2022-12-10 03:33:35'),
(1120, 83, 65123, 'P', '2022-11-11 02:25:40', '2013-03-07 21:30:42', '2022-12-10 03:33:35', '2022-12-10 03:33:35'),
(1121, 83, 87220, 'B', '2022-09-13 13:14:39', NULL, '2022-12-10 03:33:35', '2022-12-10 03:33:35'),
(1122, 83, 57874, 'B', '2017-09-11 15:42:36', NULL, '2022-12-10 03:33:35', '2022-12-10 03:33:35'),
(1123, 83, 16016, 'B', '2020-07-24 05:03:58', NULL, '2022-12-10 03:33:35', '2022-12-10 03:33:35'),
(1124, 83, 98743, 'V', '2022-02-25 08:35:10', NULL, '2022-12-10 03:33:35', '2022-12-10 03:33:35'),
(1125, 84, 64650, 'B', '2015-05-10 18:54:53', NULL, '2022-12-10 03:33:35', '2022-12-10 03:33:35'),
(1126, 84, 21565, 'B', '2017-04-29 06:39:29', NULL, '2022-12-10 03:33:35', '2022-12-10 03:33:35'),
(1127, 84, 56760, 'V', '2021-09-22 21:38:10', NULL, '2022-12-10 03:33:35', '2022-12-10 03:33:35'),
(1128, 84, 18630, 'V', '2017-11-22 10:46:42', NULL, '2022-12-10 03:33:35', '2022-12-10 03:33:35'),
(1129, 84, 38656, 'P', '2013-07-16 11:32:14', '2017-03-29 01:47:15', '2022-12-10 03:33:35', '2022-12-10 03:33:35'),
(1130, 84, 91440, 'P', '2016-01-27 10:42:38', '2016-09-05 22:15:52', '2022-12-10 03:33:35', '2022-12-10 03:33:35'),
(1131, 84, 45612, 'B', '2021-09-22 23:01:55', NULL, '2022-12-10 03:33:35', '2022-12-10 03:33:35'),
(1132, 84, 58744, 'V', '2013-05-02 15:17:07', NULL, '2022-12-10 03:33:35', '2022-12-10 03:33:35'),
(1133, 84, 76155, 'P', '2013-06-12 05:49:51', '2018-03-10 06:48:01', '2022-12-10 03:33:35', '2022-12-10 03:33:35'),
(1134, 85, 2546, 'B', '2018-08-28 03:47:01', NULL, '2022-12-10 03:33:35', '2022-12-10 03:33:35'),
(1135, 85, 37948, 'P', '2019-05-26 22:26:47', '2017-05-14 12:15:16', '2022-12-10 03:33:35', '2022-12-10 03:33:35'),
(1136, 85, 67546, 'V', '2015-10-23 21:08:00', NULL, '2022-12-10 03:33:35', '2022-12-10 03:33:35'),
(1137, 85, 97042, 'V', '2022-10-25 10:47:26', NULL, '2022-12-10 03:33:35', '2022-12-10 03:33:35'),
(1138, 85, 65126, 'B', '2016-08-05 14:09:52', NULL, '2022-12-10 03:33:35', '2022-12-10 03:33:35'),
(1139, 85, 90151, 'P', '2019-02-24 12:52:56', '2017-08-17 07:00:27', '2022-12-10 03:33:35', '2022-12-10 03:33:35'),
(1140, 85, 95104, 'P', '2019-01-09 10:57:26', '2015-01-17 12:24:23', '2022-12-10 03:33:35', '2022-12-10 03:33:35'),
(1141, 85, 11531, 'V', '2013-10-27 21:24:46', NULL, '2022-12-10 03:33:35', '2022-12-10 03:33:35'),
(1142, 85, 84179, 'P', '2018-03-24 15:46:34', '2015-06-11 07:32:28', '2022-12-10 03:33:35', '2022-12-10 03:33:35'),
(1143, 86, 16988, 'V', '2014-01-17 18:49:22', NULL, '2022-12-10 03:33:35', '2022-12-10 03:33:35'),
(1144, 86, 41932, 'B', '2017-05-12 14:46:39', NULL, '2022-12-10 03:33:35', '2022-12-10 03:33:35'),
(1145, 86, 30276, 'P', '2018-11-26 07:21:38', '2013-01-10 04:51:37', '2022-12-10 03:33:35', '2022-12-10 03:33:35'),
(1146, 86, 97575, 'V', '2017-03-31 23:47:00', NULL, '2022-12-10 03:33:35', '2022-12-10 03:33:35'),
(1147, 86, 35595, 'V', '2022-09-28 12:25:33', NULL, '2022-12-10 03:33:35', '2022-12-10 03:33:35'),
(1148, 86, 43075, 'B', '2019-03-26 09:21:00', NULL, '2022-12-10 03:33:35', '2022-12-10 03:33:35'),
(1149, 86, 90560, 'P', '2014-12-20 16:53:18', '2019-11-03 23:42:26', '2022-12-10 03:33:35', '2022-12-10 03:33:35'),
(1150, 86, 38098, 'V', '2013-12-20 04:24:52', NULL, '2022-12-10 03:33:35', '2022-12-10 03:33:35'),
(1151, 86, 97081, 'V', '2014-02-02 07:42:13', NULL, '2022-12-10 03:33:35', '2022-12-10 03:33:35'),
(1152, 87, 60296, 'B', '2020-09-21 00:23:36', NULL, '2022-12-10 03:33:35', '2022-12-10 03:33:35'),
(1153, 87, 11628, 'V', '2013-12-23 02:06:50', NULL, '2022-12-10 03:33:35', '2022-12-10 03:33:35'),
(1154, 87, 60016, 'P', '2019-10-16 06:18:34', '2018-06-17 22:21:01', '2022-12-10 03:33:35', '2022-12-10 03:33:35'),
(1155, 87, 78273, 'V', '2019-01-06 07:13:40', NULL, '2022-12-10 03:33:35', '2022-12-10 03:33:35'),
(1156, 87, 51302, 'P', '2020-06-05 01:42:07', '2021-01-01 01:38:34', '2022-12-10 03:33:35', '2022-12-10 03:33:35'),
(1157, 87, 55029, 'B', '2014-11-25 01:06:29', NULL, '2022-12-10 03:33:35', '2022-12-10 03:33:35'),
(1158, 87, 93546, 'V', '2022-11-09 17:00:51', NULL, '2022-12-10 03:33:35', '2022-12-10 03:33:35'),
(1159, 87, 51929, 'V', '2020-09-06 05:02:49', NULL, '2022-12-10 03:33:35', '2022-12-10 03:33:35'),
(1160, 87, 94051, 'P', '2021-08-11 08:55:09', '2016-04-29 10:10:35', '2022-12-10 03:33:35', '2022-12-10 03:33:35'),
(1161, 88, 3317, 'V', '2022-01-31 15:53:47', NULL, '2022-12-10 03:33:35', '2022-12-10 03:33:35'),
(1162, 88, 6729, 'P', '2013-10-23 20:00:05', '2017-09-27 02:51:19', '2022-12-10 03:33:35', '2022-12-10 03:33:35'),
(1163, 88, 65224, 'V', '2014-02-08 12:14:19', NULL, '2022-12-10 03:33:35', '2022-12-10 03:33:35'),
(1164, 88, 97509, 'V', '2013-08-30 00:01:12', NULL, '2022-12-10 03:33:35', '2022-12-10 03:33:35'),
(1165, 88, 2078, 'P', '2018-01-08 00:17:58', '2018-09-17 10:26:07', '2022-12-10 03:33:35', '2022-12-10 03:33:35'),
(1166, 88, 96683, 'V', '2022-02-09 05:48:58', NULL, '2022-12-10 03:33:35', '2022-12-10 03:33:35'),
(1167, 88, 53199, 'B', '2014-12-02 10:22:12', NULL, '2022-12-10 03:33:35', '2022-12-10 03:33:35'),
(1168, 88, 99873, 'B', '2017-05-13 04:58:26', NULL, '2022-12-10 03:33:35', '2022-12-10 03:33:35'),
(1169, 88, 74149, 'B', '2015-08-08 03:16:48', NULL, '2022-12-10 03:33:35', '2022-12-10 03:33:35'),
(1170, 89, 31321, 'V', '2015-04-27 05:36:19', NULL, '2022-12-10 03:33:35', '2022-12-10 03:33:35'),
(1171, 89, 79585, 'B', '2022-02-24 12:07:16', NULL, '2022-12-10 03:33:35', '2022-12-10 03:33:35'),
(1172, 89, 28814, 'B', '2022-04-22 12:17:42', NULL, '2022-12-10 03:33:35', '2022-12-10 03:33:35'),
(1173, 89, 95354, 'P', '2018-04-14 10:45:09', '2014-01-11 02:51:02', '2022-12-10 03:33:35', '2022-12-10 03:33:35'),
(1174, 89, 80667, 'P', '2014-09-19 10:13:39', '2015-10-02 19:07:29', '2022-12-10 03:33:35', '2022-12-10 03:33:35'),
(1175, 89, 40815, 'V', '2018-09-15 14:27:35', NULL, '2022-12-10 03:33:35', '2022-12-10 03:33:35'),
(1176, 89, 69858, 'V', '2022-02-06 16:46:50', NULL, '2022-12-10 03:33:35', '2022-12-10 03:33:35'),
(1177, 89, 77937, 'V', '2020-09-05 15:36:28', NULL, '2022-12-10 03:33:35', '2022-12-10 03:33:35'),
(1178, 89, 32477, 'V', '2013-11-21 09:41:53', NULL, '2022-12-10 03:33:35', '2022-12-10 03:33:35'),
(1179, 90, 27682, 'B', '2020-03-21 05:59:06', NULL, '2022-12-10 03:33:35', '2022-12-10 03:33:35'),
(1180, 90, 935, 'V', '2022-06-17 07:31:34', NULL, '2022-12-10 03:33:35', '2022-12-10 03:33:35'),
(1181, 90, 98629, 'V', '2017-04-16 19:12:50', NULL, '2022-12-10 03:33:35', '2022-12-10 03:33:35'),
(1182, 90, 84306, 'P', '2016-08-16 15:22:17', '2022-06-09 06:29:04', '2022-12-10 03:33:35', '2022-12-10 03:33:35'),
(1183, 90, 45386, 'P', '2020-05-08 22:56:53', '2022-11-25 08:12:18', '2022-12-10 03:33:35', '2022-12-10 03:33:35'),
(1184, 90, 77004, 'V', '2022-10-01 10:41:15', NULL, '2022-12-10 03:33:35', '2022-12-10 03:33:35'),
(1185, 90, 56963, 'B', '2016-09-25 02:50:53', NULL, '2022-12-10 03:33:35', '2022-12-10 03:33:35'),
(1186, 90, 25948, 'B', '2014-07-20 07:26:30', NULL, '2022-12-10 03:33:35', '2022-12-10 03:33:35'),
(1187, 90, 22205, 'V', '2015-05-12 06:09:43', NULL, '2022-12-10 03:33:35', '2022-12-10 03:33:35'),
(1188, 91, 68910, 'B', '2019-10-09 08:28:37', NULL, '2022-12-10 03:33:35', '2022-12-10 03:33:35'),
(1189, 91, 36786, 'B', '2021-06-05 07:02:08', NULL, '2022-12-10 03:33:35', '2022-12-10 03:33:35'),
(1190, 91, 28868, 'V', '2013-01-18 13:44:58', NULL, '2022-12-10 03:33:35', '2022-12-10 03:33:35'),
(1191, 91, 27984, 'P', '2013-05-17 00:53:50', '2019-07-12 03:05:13', '2022-12-10 03:33:35', '2022-12-10 03:33:35'),
(1192, 91, 11506, 'P', '2017-02-16 03:11:20', '2020-12-01 11:26:03', '2022-12-10 03:33:35', '2022-12-10 03:33:35'),
(1193, 91, 30809, 'P', '2022-10-29 12:40:35', '2018-01-10 18:35:23', '2022-12-10 03:33:35', '2022-12-10 03:33:35'),
(1194, 91, 10219, 'B', '2018-03-08 11:36:11', NULL, '2022-12-10 03:33:35', '2022-12-10 03:33:35'),
(1195, 91, 91638, 'B', '2019-05-21 03:57:15', NULL, '2022-12-10 03:33:35', '2022-12-10 03:33:35'),
(1196, 91, 85905, 'B', '2017-04-16 22:00:13', NULL, '2022-12-10 03:33:35', '2022-12-10 03:33:35'),
(1197, 92, 6648, 'P', '2017-01-19 02:53:52', '2017-08-31 21:26:39', '2022-12-10 03:33:35', '2022-12-10 03:33:35'),
(1198, 92, 42083, 'P', '2018-05-12 02:31:13', '2021-07-30 04:57:23', '2022-12-10 03:33:35', '2022-12-10 03:33:35'),
(1199, 92, 10600, 'V', '2019-07-16 11:59:13', NULL, '2022-12-10 03:33:35', '2022-12-10 03:33:35'),
(1200, 92, 79443, 'B', '2019-12-16 18:49:03', NULL, '2022-12-10 03:33:35', '2022-12-10 03:33:35'),
(1201, 92, 17486, 'P', '2020-05-16 23:30:47', '2020-03-08 08:04:03', '2022-12-10 03:33:35', '2022-12-10 03:33:35'),
(1202, 92, 68200, 'B', '2015-04-22 13:56:26', NULL, '2022-12-10 03:33:35', '2022-12-10 03:33:35'),
(1203, 92, 8985, 'P', '2020-12-05 06:26:19', '2017-06-30 08:56:41', '2022-12-10 03:33:35', '2022-12-10 03:33:35'),
(1204, 92, 57503, 'V', '2016-08-16 11:12:02', NULL, '2022-12-10 03:33:35', '2022-12-10 03:33:35'),
(1205, 92, 75028, 'P', '2015-01-24 22:23:33', '2017-05-03 18:47:08', '2022-12-10 03:33:35', '2022-12-10 03:33:35'),
(1206, 93, 76465, 'P', '2018-04-18 13:07:31', '2016-01-30 03:57:03', '2022-12-10 03:33:35', '2022-12-10 03:33:35'),
(1207, 93, 642, 'B', '2016-11-28 22:23:43', NULL, '2022-12-10 03:33:35', '2022-12-10 03:33:35'),
(1208, 93, 4344, 'V', '2022-05-08 12:28:28', NULL, '2022-12-10 03:33:35', '2022-12-10 03:33:35'),
(1209, 93, 90407, 'B', '2021-08-27 02:52:32', NULL, '2022-12-10 03:33:35', '2022-12-10 03:33:35'),
(1210, 93, 166, 'V', '2022-09-14 09:16:19', NULL, '2022-12-10 03:33:35', '2022-12-10 03:33:35'),
(1211, 93, 91306, 'B', '2022-10-26 13:28:13', NULL, '2022-12-10 03:33:35', '2022-12-10 03:33:35'),
(1212, 93, 1475, 'P', '2021-08-06 01:28:23', '2014-04-10 17:04:29', '2022-12-10 03:33:35', '2022-12-10 03:33:35'),
(1213, 93, 41558, 'B', '2022-06-22 15:13:07', NULL, '2022-12-10 03:33:35', '2022-12-10 03:33:35'),
(1214, 93, 33573, 'B', '2016-04-23 01:06:55', NULL, '2022-12-10 03:33:35', '2022-12-10 03:33:35'),
(1215, 94, 24131, 'B', '2017-12-16 11:48:32', NULL, '2022-12-10 03:33:35', '2022-12-10 03:33:35'),
(1216, 94, 38591, 'B', '2019-05-15 16:14:22', NULL, '2022-12-10 03:33:35', '2022-12-10 03:33:35'),
(1217, 94, 61915, 'V', '2022-02-24 01:49:01', NULL, '2022-12-10 03:33:35', '2022-12-10 03:33:35'),
(1218, 94, 68714, 'B', '2018-01-23 13:03:07', NULL, '2022-12-10 03:33:35', '2022-12-10 03:33:35'),
(1219, 94, 32652, 'V', '2019-09-12 13:08:34', NULL, '2022-12-10 03:33:35', '2022-12-10 03:33:35'),
(1220, 94, 26608, 'V', '2019-04-04 08:19:30', NULL, '2022-12-10 03:33:35', '2022-12-10 03:33:35'),
(1221, 94, 9651, 'B', '2022-04-26 15:29:43', NULL, '2022-12-10 03:33:35', '2022-12-10 03:33:35'),
(1222, 94, 40760, 'V', '2015-01-18 10:35:17', NULL, '2022-12-10 03:33:35', '2022-12-10 03:33:35'),
(1223, 94, 10635, 'P', '2021-12-16 12:14:00', '2019-08-21 03:55:38', '2022-12-10 03:33:35', '2022-12-10 03:33:35'),
(1224, 95, 21088, 'V', '2014-08-31 11:48:05', NULL, '2022-12-10 03:33:35', '2022-12-10 03:33:35'),
(1225, 95, 66266, 'V', '2016-03-07 18:22:31', NULL, '2022-12-10 03:33:35', '2022-12-10 03:33:35'),
(1226, 95, 78296, 'P', '2013-09-28 15:27:30', '2015-07-30 02:27:23', '2022-12-10 03:33:35', '2022-12-10 03:33:35'),
(1227, 95, 22160, 'B', '2019-03-26 08:44:25', NULL, '2022-12-10 03:33:35', '2022-12-10 03:33:35'),
(1228, 95, 83124, 'P', '2019-10-31 11:54:17', '2013-10-02 14:45:37', '2022-12-10 03:33:35', '2022-12-10 03:33:35'),
(1229, 95, 77004, 'B', '2021-10-25 01:14:30', NULL, '2022-12-10 03:33:35', '2022-12-10 03:33:35'),
(1230, 95, 19926, 'V', '2018-01-03 20:35:55', NULL, '2022-12-10 03:33:35', '2022-12-10 03:33:35'),
(1231, 95, 17385, 'V', '2015-04-17 08:44:43', NULL, '2022-12-10 03:33:35', '2022-12-10 03:33:35'),
(1232, 95, 83371, 'P', '2021-08-07 06:27:22', '2019-09-09 14:57:20', '2022-12-10 03:33:35', '2022-12-10 03:33:35'),
(1233, 96, 34206, 'P', '2020-03-13 15:26:16', '2017-10-02 19:46:23', '2022-12-10 03:33:35', '2022-12-10 03:33:35'),
(1234, 96, 52191, 'B', '2018-12-22 17:58:54', NULL, '2022-12-10 03:33:35', '2022-12-10 03:33:35'),
(1235, 96, 64101, 'P', '2022-08-10 05:55:29', '2018-07-23 00:27:27', '2022-12-10 03:33:35', '2022-12-10 03:33:35'),
(1236, 96, 10945, 'V', '2014-07-10 08:58:38', NULL, '2022-12-10 03:33:35', '2022-12-10 03:33:35'),
(1237, 96, 64084, 'V', '2017-11-02 08:18:19', NULL, '2022-12-10 03:33:35', '2022-12-10 03:33:35'),
(1238, 96, 71727, 'V', '2020-10-21 03:04:56', NULL, '2022-12-10 03:33:35', '2022-12-10 03:33:35'),
(1239, 96, 40177, 'V', '2022-02-14 16:23:07', NULL, '2022-12-10 03:33:35', '2022-12-10 03:33:35'),
(1240, 96, 45485, 'V', '2017-08-05 19:36:30', NULL, '2022-12-10 03:33:35', '2022-12-10 03:33:35'),
(1241, 96, 96059, 'B', '2020-12-12 13:49:31', NULL, '2022-12-10 03:33:35', '2022-12-10 03:33:35'),
(1242, 97, 12079, 'B', '2019-05-10 02:35:22', NULL, '2022-12-10 03:33:35', '2022-12-10 03:33:35'),
(1243, 97, 26253, 'P', '2013-10-16 13:48:16', '2014-12-02 06:25:54', '2022-12-10 03:33:35', '2022-12-10 03:33:35'),
(1244, 97, 28631, 'B', '2017-06-25 01:43:36', NULL, '2022-12-10 03:33:35', '2022-12-10 03:33:35'),
(1245, 97, 24975, 'B', '2014-12-10 10:55:01', NULL, '2022-12-10 03:33:35', '2022-12-10 03:33:35'),
(1246, 97, 3735, 'P', '2019-08-28 07:32:02', '2022-02-28 20:04:04', '2022-12-10 03:33:35', '2022-12-10 03:33:35'),
(1247, 97, 91326, 'B', '2013-04-21 04:31:02', NULL, '2022-12-10 03:33:35', '2022-12-10 03:33:35'),
(1248, 97, 81996, 'B', '2013-07-22 11:12:10', NULL, '2022-12-10 03:33:35', '2022-12-10 03:33:35'),
(1249, 97, 62457, 'B', '2018-01-12 22:50:52', NULL, '2022-12-10 03:33:35', '2022-12-10 03:33:35'),
(1250, 97, 98018, 'P', '2016-05-21 23:28:21', '2019-06-21 14:40:17', '2022-12-10 03:33:35', '2022-12-10 03:33:35'),
(1251, 98, 66489, 'P', '2019-02-11 15:23:45', '2015-08-29 21:14:25', '2022-12-10 03:33:35', '2022-12-10 03:33:35'),
(1252, 98, 46837, 'P', '2015-05-06 23:41:56', '2017-02-02 17:51:02', '2022-12-10 03:33:35', '2022-12-10 03:33:35'),
(1253, 98, 13646, 'V', '2020-11-23 10:18:36', NULL, '2022-12-10 03:33:35', '2022-12-10 03:33:35'),
(1254, 98, 56294, 'P', '2014-11-03 04:33:49', '2020-10-18 02:49:42', '2022-12-10 03:33:35', '2022-12-10 03:33:35'),
(1255, 98, 75759, 'P', '2019-03-03 23:38:27', '2014-03-20 09:37:31', '2022-12-10 03:33:35', '2022-12-10 03:33:35'),
(1256, 98, 17516, 'P', '2021-10-05 13:56:04', '2020-02-13 12:55:49', '2022-12-10 03:33:35', '2022-12-10 03:33:35'),
(1257, 98, 63230, 'V', '2018-01-24 06:55:08', NULL, '2022-12-10 03:33:35', '2022-12-10 03:33:35'),
(1258, 98, 94967, 'V', '2013-05-03 09:04:06', NULL, '2022-12-10 03:33:35', '2022-12-10 03:33:35'),
(1259, 98, 85677, 'B', '2022-10-13 05:31:11', NULL, '2022-12-10 03:33:35', '2022-12-10 03:33:35'),
(1260, 99, 28789, 'B', '2014-11-09 19:05:42', NULL, '2022-12-10 03:33:35', '2022-12-10 03:33:35'),
(1261, 99, 32988, 'P', '2022-09-06 12:04:55', '2020-05-26 09:17:19', '2022-12-10 03:33:35', '2022-12-10 03:33:35'),
(1262, 99, 6461, 'P', '2014-04-15 12:43:07', '2021-01-31 17:02:57', '2022-12-10 03:33:35', '2022-12-10 03:33:35'),
(1263, 99, 92424, 'V', '2014-11-14 07:50:26', NULL, '2022-12-10 03:33:35', '2022-12-10 03:33:35'),
(1264, 99, 60997, 'P', '2020-05-04 10:12:36', '2016-10-21 00:35:10', '2022-12-10 03:33:35', '2022-12-10 03:33:35'),
(1265, 99, 80826, 'B', '2019-02-28 02:41:34', NULL, '2022-12-10 03:33:35', '2022-12-10 03:33:35'),
(1266, 99, 73054, 'P', '2019-05-03 14:10:18', '2016-11-21 16:24:10', '2022-12-10 03:33:35', '2022-12-10 03:33:35'),
(1267, 99, 47101, 'B', '2014-08-14 21:24:03', NULL, '2022-12-10 03:33:35', '2022-12-10 03:33:35'),
(1268, 99, 6710, 'V', '2018-07-20 08:01:14', NULL, '2022-12-10 03:33:35', '2022-12-10 03:33:35'),
(1269, 100, 54775, 'B', '2022-04-08 16:26:41', NULL, '2022-12-10 03:33:35', '2022-12-10 03:33:35'),
(1270, 100, 88166, 'V', '2019-07-06 02:33:09', NULL, '2022-12-10 03:33:35', '2022-12-10 03:33:35'),
(1271, 100, 89448, 'V', '2020-07-29 11:59:31', NULL, '2022-12-10 03:33:35', '2022-12-10 03:33:35'),
(1272, 100, 51951, 'B', '2017-01-14 05:07:27', NULL, '2022-12-10 03:33:35', '2022-12-10 03:33:35'),
(1273, 100, 31541, 'V', '2017-06-21 19:59:14', NULL, '2022-12-10 03:33:35', '2022-12-10 03:33:35'),
(1274, 100, 63775, 'B', '2022-06-12 16:46:28', NULL, '2022-12-10 03:33:35', '2022-12-10 03:33:35'),
(1275, 100, 67903, 'V', '2016-01-18 16:40:20', NULL, '2022-12-10 03:33:35', '2022-12-10 03:33:35'),
(1276, 100, 49651, 'V', '2015-04-04 09:51:35', NULL, '2022-12-10 03:33:35', '2022-12-10 03:33:35'),
(1277, 100, 52808, 'P', '2013-07-25 11:43:38', '2019-06-25 17:13:42', '2022-12-10 03:33:35', '2022-12-10 03:33:35'),
(1278, 101, 21332, 'B', '2019-04-26 06:10:17', NULL, '2022-12-10 03:33:35', '2022-12-10 03:33:35'),
(1279, 101, 7171, 'P', '2018-11-20 07:29:03', '2021-02-05 12:42:24', '2022-12-10 03:33:35', '2022-12-10 03:33:35'),
(1280, 101, 85715, 'B', '2016-02-03 11:14:52', NULL, '2022-12-10 03:33:35', '2022-12-10 03:33:35'),
(1281, 101, 11591, 'V', '2021-09-15 14:54:15', NULL, '2022-12-10 03:33:35', '2022-12-10 03:33:35'),
(1282, 101, 69007, 'B', '2021-01-25 13:48:11', NULL, '2022-12-10 03:33:35', '2022-12-10 03:33:35'),
(1283, 101, 96734, 'B', '2014-07-29 21:11:51', NULL, '2022-12-10 03:33:35', '2022-12-10 03:33:35'),
(1284, 101, 5099, 'B', '2016-10-19 19:05:53', NULL, '2022-12-10 03:33:35', '2022-12-10 03:33:35'),
(1285, 101, 19539, 'P', '2015-05-17 12:56:08', '2017-11-28 21:47:44', '2022-12-10 03:33:35', '2022-12-10 03:33:35'),
(1286, 101, 95784, 'P', '2022-04-26 15:03:05', '2013-01-17 01:39:11', '2022-12-10 03:33:35', '2022-12-10 03:33:35'),
(1287, 102, 55445, 'V', '2015-12-07 11:40:59', NULL, '2022-12-10 03:33:35', '2022-12-10 03:33:35'),
(1288, 102, 2932, 'P', '2019-05-19 12:35:08', '2015-10-12 06:16:34', '2022-12-10 03:33:35', '2022-12-10 03:33:35'),
(1289, 102, 82249, 'V', '2013-02-18 06:40:29', NULL, '2022-12-10 03:33:35', '2022-12-10 03:33:35'),
(1290, 102, 66999, 'V', '2020-09-03 10:34:59', NULL, '2022-12-10 03:33:35', '2022-12-10 03:33:35'),
(1291, 102, 35511, 'P', '2014-07-06 16:42:05', '2019-06-08 17:14:15', '2022-12-10 03:33:35', '2022-12-10 03:33:35'),
(1292, 102, 93405, 'P', '2015-01-14 13:43:57', '2013-02-18 22:24:56', '2022-12-10 03:33:35', '2022-12-10 03:33:35'),
(1293, 102, 96370, 'B', '2019-05-16 03:30:23', NULL, '2022-12-10 03:33:35', '2022-12-10 03:33:35'),
(1294, 102, 67103, 'P', '2021-08-04 11:36:22', '2016-11-07 20:57:58', '2022-12-10 03:33:35', '2022-12-10 03:33:35'),
(1295, 102, 8977, 'P', '2014-07-31 19:13:08', '2020-03-15 11:55:05', '2022-12-10 03:33:35', '2022-12-10 03:33:35'),
(1296, 103, 14364, 'B', '2019-12-14 01:20:24', NULL, '2022-12-10 03:33:35', '2022-12-10 03:33:35'),
(1297, 103, 9821, 'V', '2022-05-12 11:06:35', NULL, '2022-12-10 03:33:35', '2022-12-10 03:33:35'),
(1298, 103, 59035, 'P', '2019-10-06 17:39:35', '2017-09-29 06:48:08', '2022-12-10 03:33:35', '2022-12-10 03:33:35'),
(1299, 103, 62065, 'P', '2015-06-23 20:31:13', '2017-02-04 08:53:01', '2022-12-10 03:33:35', '2022-12-10 03:33:35'),
(1300, 103, 58657, 'B', '2016-07-07 13:39:54', NULL, '2022-12-10 03:33:35', '2022-12-10 03:33:35'),
(1301, 103, 28831, 'V', '2017-01-20 10:57:20', NULL, '2022-12-10 03:33:35', '2022-12-10 03:33:35'),
(1302, 103, 32841, 'P', '2016-11-27 05:39:03', '2019-04-10 16:37:59', '2022-12-10 03:33:35', '2022-12-10 03:33:35'),
(1303, 103, 46467, 'P', '2022-10-03 18:03:51', '2018-02-10 02:02:16', '2022-12-10 03:33:35', '2022-12-10 03:33:35'),
(1304, 103, 51775, 'B', '2021-09-09 07:18:19', NULL, '2022-12-10 03:33:35', '2022-12-10 03:33:35'),
(1305, 104, 18754, 'B', '2018-05-11 02:24:21', NULL, '2022-12-10 03:33:35', '2022-12-10 03:33:35'),
(1306, 104, 99590, 'V', '2017-03-09 00:51:04', NULL, '2022-12-10 03:33:35', '2022-12-10 03:33:35'),
(1307, 104, 39125, 'P', '2016-10-12 04:59:31', '2018-10-16 19:52:51', '2022-12-10 03:33:35', '2022-12-10 03:33:35'),
(1308, 104, 71900, 'P', '2017-12-29 17:52:24', '2015-01-03 05:54:00', '2022-12-10 03:33:35', '2022-12-10 03:33:35'),
(1309, 104, 752, 'V', '2019-02-16 22:06:50', NULL, '2022-12-10 03:33:35', '2022-12-10 03:33:35'),
(1310, 104, 79600, 'B', '2015-11-27 07:04:41', NULL, '2022-12-10 03:33:35', '2022-12-10 03:33:35'),
(1311, 104, 23367, 'B', '2016-07-21 17:24:14', NULL, '2022-12-10 03:33:35', '2022-12-10 03:33:35'),
(1312, 104, 344, 'V', '2014-11-22 09:57:52', NULL, '2022-12-10 03:33:35', '2022-12-10 03:33:35'),
(1313, 104, 30350, 'P', '2018-05-19 04:17:40', '2016-02-19 22:07:12', '2022-12-10 03:33:35', '2022-12-10 03:33:35'),
(1314, 105, 41948, 'P', '2022-02-18 13:12:42', '2014-10-14 15:44:16', '2022-12-10 03:33:35', '2022-12-10 03:33:35'),
(1315, 105, 89321, 'P', '2014-01-30 21:04:35', '2013-07-28 21:54:28', '2022-12-10 03:33:35', '2022-12-10 03:33:35'),
(1316, 105, 31337, 'P', '2015-01-11 03:40:51', '2016-01-06 02:58:06', '2022-12-10 03:33:35', '2022-12-10 03:33:35'),
(1317, 105, 70831, 'V', '2016-03-04 14:07:13', NULL, '2022-12-10 03:33:36', '2022-12-10 03:33:36'),
(1318, 105, 82747, 'P', '2021-05-03 11:38:42', '2013-08-04 04:01:50', '2022-12-10 03:33:36', '2022-12-10 03:33:36'),
(1319, 105, 43964, 'P', '2019-10-30 03:17:41', '2016-03-06 01:52:33', '2022-12-10 03:33:36', '2022-12-10 03:33:36'),
(1320, 105, 72290, 'V', '2019-12-17 05:48:21', NULL, '2022-12-10 03:33:36', '2022-12-10 03:33:36'),
(1321, 105, 89174, 'P', '2017-06-04 22:02:16', '2013-01-27 12:50:33', '2022-12-10 03:33:36', '2022-12-10 03:33:36'),
(1322, 105, 90378, 'P', '2014-02-04 02:27:16', '2013-09-28 20:21:54', '2022-12-10 03:33:36', '2022-12-10 03:33:36'),
(1323, 106, 98056, 'B', '2017-11-08 16:58:01', NULL, '2022-12-10 03:33:36', '2022-12-10 03:33:36'),
(1324, 106, 13737, 'B', '2022-04-30 14:37:47', NULL, '2022-12-10 03:33:36', '2022-12-10 03:33:36'),
(1325, 106, 22250, 'V', '2017-02-21 23:14:00', NULL, '2022-12-10 03:33:36', '2022-12-10 03:33:36'),
(1326, 106, 92215, 'B', '2022-06-20 21:08:59', NULL, '2022-12-10 03:33:36', '2022-12-10 03:33:36'),
(1327, 106, 10498, 'B', '2014-11-20 16:44:15', NULL, '2022-12-10 03:33:36', '2022-12-10 03:33:36'),
(1328, 106, 64798, 'B', '2013-03-17 08:00:28', NULL, '2022-12-10 03:33:36', '2022-12-10 03:33:36'),
(1329, 106, 11765, 'B', '2015-01-15 03:01:51', NULL, '2022-12-10 03:33:36', '2022-12-10 03:33:36'),
(1330, 106, 31423, 'P', '2014-09-18 09:22:58', '2022-08-30 03:03:58', '2022-12-10 03:33:36', '2022-12-10 03:33:36'),
(1331, 106, 45069, 'P', '2013-12-04 08:13:11', '2016-06-05 21:10:15', '2022-12-10 03:33:36', '2022-12-10 03:33:36'),
(1332, 107, 21584, 'P', '2016-06-07 02:11:20', '2019-06-21 03:51:41', '2022-12-10 03:33:36', '2022-12-10 03:33:36'),
(1333, 107, 69405, 'V', '2019-07-14 13:07:28', NULL, '2022-12-10 03:33:36', '2022-12-10 03:33:36'),
(1334, 107, 39754, 'P', '2013-05-14 08:25:48', '2017-07-24 22:27:13', '2022-12-10 03:33:36', '2022-12-10 03:33:36'),
(1335, 107, 28984, 'B', '2018-07-08 09:55:30', NULL, '2022-12-10 03:33:36', '2022-12-10 03:33:36'),
(1336, 107, 80631, 'V', '2015-03-26 02:09:24', NULL, '2022-12-10 03:33:36', '2022-12-10 03:33:36'),
(1337, 107, 51665, 'B', '2022-06-24 09:42:07', NULL, '2022-12-10 03:33:36', '2022-12-10 03:33:36'),
(1338, 107, 7202, 'P', '2021-03-28 09:46:56', '2022-05-27 03:45:48', '2022-12-10 03:33:36', '2022-12-10 03:33:36'),
(1339, 107, 50462, 'V', '2013-05-22 11:23:53', NULL, '2022-12-10 03:33:36', '2022-12-10 03:33:36'),
(1340, 107, 62499, 'V', '2020-02-23 00:52:01', NULL, '2022-12-10 03:33:36', '2022-12-10 03:33:36'),
(1341, 108, 9161, 'V', '2014-09-16 22:50:49', NULL, '2022-12-10 03:33:36', '2022-12-10 03:33:36'),
(1342, 108, 91098, 'V', '2019-06-19 19:06:26', NULL, '2022-12-10 03:33:36', '2022-12-10 03:33:36'),
(1343, 108, 9328, 'P', '2018-03-28 05:21:35', '2020-10-22 23:41:49', '2022-12-10 03:33:36', '2022-12-10 03:33:36'),
(1344, 108, 39101, 'P', '2018-05-16 16:09:00', '2022-05-20 17:05:50', '2022-12-10 03:33:36', '2022-12-10 03:33:36'),
(1345, 108, 80193, 'B', '2014-09-16 06:51:20', NULL, '2022-12-10 03:33:36', '2022-12-10 03:33:36'),
(1346, 108, 9755, 'B', '2018-08-08 13:45:48', NULL, '2022-12-10 03:33:36', '2022-12-10 03:33:36'),
(1347, 108, 80107, 'P', '2014-04-02 14:05:20', '2022-09-03 23:35:41', '2022-12-10 03:33:36', '2022-12-10 03:33:36'),
(1348, 108, 89028, 'V', '2014-12-29 20:03:55', NULL, '2022-12-10 03:33:36', '2022-12-10 03:33:36'),
(1349, 108, 18856, 'B', '2022-04-05 05:33:40', NULL, '2022-12-10 03:33:36', '2022-12-10 03:33:36');

-- --------------------------------------------------------

--
-- Struktura tabeli dla tabeli `migrations`
--

CREATE TABLE `migrations` (
  `id` int(10) UNSIGNED NOT NULL,
  `migration` varchar(255) COLLATE utf8mb4_unicode_ci NOT NULL,
  `batch` int(11) NOT NULL
) ENGINE=InnoDB DEFAULT CHARSET=utf8mb4 COLLATE=utf8mb4_unicode_ci;

--
-- Zrzut danych tabeli `migrations`
--

INSERT INTO `migrations` (`id`, `migration`, `batch`) VALUES
(1, '2014_10_12_000000_create_users_table', 1),
(2, '2014_10_12_100000_create_password_resets_table', 1),
(3, '2019_08_19_000000_create_failed_jobs_table', 1),
(4, '2019_12_14_000001_create_personal_access_tokens_table', 1),
(5, '2022_12_10_033811_create_customers_table', 1),
(6, '2022_12_10_033846_create_invoices_table', 1);

-- --------------------------------------------------------

--
-- Struktura tabeli dla tabeli `password_resets`
--

CREATE TABLE `password_resets` (
  `email` varchar(255) COLLATE utf8mb4_unicode_ci NOT NULL,
  `token` varchar(255) COLLATE utf8mb4_unicode_ci NOT NULL,
  `created_at` timestamp NULL DEFAULT NULL
) ENGINE=InnoDB DEFAULT CHARSET=utf8mb4 COLLATE=utf8mb4_unicode_ci;

-- --------------------------------------------------------

--
-- Struktura tabeli dla tabeli `personal_access_tokens`
--

CREATE TABLE `personal_access_tokens` (
  `id` bigint(20) UNSIGNED NOT NULL,
  `tokenable_type` varchar(255) COLLATE utf8mb4_unicode_ci NOT NULL,
  `tokenable_id` bigint(20) UNSIGNED NOT NULL,
  `name` varchar(255) COLLATE utf8mb4_unicode_ci NOT NULL,
  `token` varchar(64) COLLATE utf8mb4_unicode_ci NOT NULL,
  `abilities` text COLLATE utf8mb4_unicode_ci DEFAULT NULL,
  `last_used_at` timestamp NULL DEFAULT NULL,
  `created_at` timestamp NULL DEFAULT NULL,
  `updated_at` timestamp NULL DEFAULT NULL
) ENGINE=InnoDB DEFAULT CHARSET=utf8mb4 COLLATE=utf8mb4_unicode_ci;

-- --------------------------------------------------------

--
-- Struktura tabeli dla tabeli `users`
--

CREATE TABLE `users` (
  `id` bigint(20) UNSIGNED NOT NULL,
  `name` varchar(255) COLLATE utf8mb4_unicode_ci NOT NULL,
  `email` varchar(255) COLLATE utf8mb4_unicode_ci NOT NULL,
  `email_verified_at` timestamp NULL DEFAULT NULL,
  `password` varchar(255) COLLATE utf8mb4_unicode_ci NOT NULL,
  `remember_token` varchar(100) COLLATE utf8mb4_unicode_ci DEFAULT NULL,
  `created_at` timestamp NULL DEFAULT NULL,
  `updated_at` timestamp NULL DEFAULT NULL
) ENGINE=InnoDB DEFAULT CHARSET=utf8mb4 COLLATE=utf8mb4_unicode_ci;

--
-- Indeksy dla zrzutw tabel
--

--
-- Indeksy dla tabeli `customers`
--
ALTER TABLE `customers`
  ADD PRIMARY KEY (`id`);

--
-- Indeksy dla tabeli `failed_jobs`
--
ALTER TABLE `failed_jobs`
  ADD PRIMARY KEY (`id`),
  ADD UNIQUE KEY `failed_jobs_uuid_unique` (`uuid`);

--
-- Indeksy dla tabeli `invoices`
--
ALTER TABLE `invoices`
  ADD PRIMARY KEY (`id`);

--
-- Indeksy dla tabeli `migrations`
--
ALTER TABLE `migrations`
  ADD PRIMARY KEY (`id`);

--
-- Indeksy dla tabeli `password_resets`
--
ALTER TABLE `password_resets`
  ADD KEY `password_resets_email_index` (`email`);

--
-- Indeksy dla tabeli `personal_access_tokens`
--
ALTER TABLE `personal_access_tokens`
  ADD PRIMARY KEY (`id`),
  ADD UNIQUE KEY `personal_access_tokens_token_unique` (`token`),
  ADD KEY `personal_access_tokens_tokenable_type_tokenable_id_index` (`tokenable_type`,`tokenable_id`);

--
-- Indeksy dla tabeli `users`
--
ALTER TABLE `users`
  ADD PRIMARY KEY (`id`),
  ADD UNIQUE KEY `users_email_unique` (`email`);

--
-- AUTO_INCREMENT dla zrzuconych tabel
--

--
-- AUTO_INCREMENT dla tabeli `customers`
--
ALTER TABLE `customers`
  MODIFY `id` bigint(20) UNSIGNED NOT NULL AUTO_INCREMENT, AUTO_INCREMENT=109;

--
-- AUTO_INCREMENT dla tabeli `failed_jobs`
--
ALTER TABLE `failed_jobs`
  MODIFY `id` bigint(20) UNSIGNED NOT NULL AUTO_INCREMENT;

--
-- AUTO_INCREMENT dla tabeli `invoices`
--
ALTER TABLE `invoices`
  MODIFY `id` bigint(20) UNSIGNED NOT NULL AUTO_INCREMENT, AUTO_INCREMENT=1350;

--
-- AUTO_INCREMENT dla tabeli `migrations`
--
ALTER TABLE `migrations`
  MODIFY `id` int(10) UNSIGNED NOT NULL AUTO_INCREMENT, AUTO_INCREMENT=7;

--
-- AUTO_INCREMENT dla tabeli `personal_access_tokens`
--
ALTER TABLE `personal_access_tokens`
  MODIFY `id` bigint(20) UNSIGNED NOT NULL AUTO_INCREMENT;

--
-- AUTO_INCREMENT dla tabeli `users`
--
ALTER TABLE `users`
  MODIFY `id` bigint(20) UNSIGNED NOT NULL AUTO_INCREMENT;
COMMIT;

/*!40101 SET CHARACTER_SET_CLIENT=@OLD_CHARACTER_SET_CLIENT */;
/*!40101 SET CHARACTER_SET_RESULTS=@OLD_CHARACTER_SET_RESULTS */;
/*!40101 SET COLLATION_CONNECTION=@OLD_COLLATION_CONNECTION */;
